# Reduced electric-dipole matrix elements |<n1 l1 j1 || d || n2 l2 j2>| in e a0,
# from the Portal for High-Precision Atomic Data and Computation, https://www1.udel.edu/atom/
# (M. S. Safronova et al., linearized coupled-cluster method; retrieved 2026-07-28).
species,n1,l1,j1,n2,l2,j2,matrix_element,uncertainty
Li,2,0,0.5,2,1,0.5,3.317,0.0004
Li,2,0,0.5,2,1,1.5,4.6907,0.0006
Li,2,0,0.5,3,1,0.5,0.182926,0.0001662
Li,2,0,0.5,3,1,1.5,0.2587,0.000296
Li,2,0,0.5,4,1,0.5,0.160101,8.01e-05
Li,2,0,0.5,4,1,1.5,0.22642,0.0001321
Li,2,0,0.5,5,1,0.5,0.119748,5.99e-05
Li,2,0,0.5,5,1,1.5,0.169352,8.47e-05
Li,2,0,0.5,6,1,0.5,0.0925072,0.0002975
Li,2,0,0.5,6,1,1.5,0.130826,0.0004344
Li,2,0,0.5,7,1,0.5,0.0736349,0.00015
Li,2,0,0.5,7,1,1.5,0.104137,0.0002226
Li,2,0,0.5,8,1,0.5,0.0610664,0.0008243
Li,2,0,0.5,8,1,1.5,0.086362,0.0011741
Li,2,0,0.5,9,1,0.5,0.0503411,0.0001746
Li,2,0,0.5,9,1,1.5,0.0711939,0.0002402
Li,2,0,0.5,10,1,0.5,0.04354,0.0004045
Li,2,0,0.5,10,1,1.5,0.0615756,0.0005778
Li,2,1,0.5,3,2,1.5,5.06647,0.0025332
Li,2,1,0.5,4,2,1.5,1.92912,0.0009646
Li,2,1,0.5,5,2,1.5,1.12137,0.0005607
Li,2,1,0.5,6,2,1.5,0.768177,0.0006592
Li,2,1,0.5,7,2,1.5,0.573644,0.0002868
Li,2,1,0.5,8,2,1.5,0.451138,0.0008895
Li,2,1,0.5,9,2,1.5,0.367907,0.0013707
Li,2,1,0.5,10,2,1.5,0.308399,0.0011338
Li,2,1,1.5,3,2,1.5,2.26584,0.0011329
Li,2,1,1.5,3,2,2.5,6.79752,0.0033988
Li,2,1,1.5,4,2,1.5,0.862732,0.0004314
Li,2,1,1.5,4,2,2.5,2.58822,0.0012941
Li,2,1,1.5,5,2,1.5,0.501491,0.0002507
Li,2,1,1.5,5,2,2.5,1.50449,0.0007522
Li,2,1,1.5,6,2,1.5,0.343537,0.0002947
Li,2,1,1.5,6,2,2.5,1.03062,0.0008842
Li,2,1,1.5,7,2,1.5,0.256539,0.0001283
Li,2,1,1.5,7,2,2.5,0.76963,0.0003848
Li,2,1,1.5,8,2,1.5,0.201753,0.0003979
Li,2,1,1.5,8,2,2.5,0.605265,0.0011998
Li,2,1,1.5,9,2,1.5,0.164531,0.0006131
Li,2,1,1.5,9,2,2.5,0.493598,0.0018445
Li,2,1,1.5,10,2,1.5,0.137919,0.0005071
Li,2,1,1.5,10,2,2.5,0.41376,0.001526
Li,3,2,1.5,4,3,2.5,15.8114,0.0079057
Li,3,2,1.5,5,3,2.5,5.14129,0.0410153
Li,3,2,1.5,6,3,2.5,2.78785,0.0013939
Li,3,2,1.5,7,3,2.5,1.84195,0.000921
Li,3,2,1.5,8,3,2.5,1.348,0.000674
Li,3,2,1.5,9,3,2.5,1.04926,0.0005246
Li,3,2,1.5,10,3,2.5,0.850912,0.0004255
Li,3,2,2.5,4,3,2.5,4.22581,0.0021129
Li,3,2,2.5,4,3,3.5,18.8984,0.0094492
Li,3,2,2.5,5,3,2.5,1.37406,0.0109617
Li,3,2,2.5,5,3,3.5,6.14502,0.0489971
Li,3,2,2.5,6,3,2.5,0.745078,0.0003725
Li,3,2,2.5,6,3,3.5,3.33212,0.0016661
Li,3,2,2.5,7,3,2.5,0.492278,0.0002461
Li,3,2,2.5,7,3,3.5,2.20155,0.0011008
Li,3,2,2.5,8,3,2.5,0.360264,0.0001801
Li,3,2,2.5,8,3,3.5,1.61117,0.0008056
Li,3,2,2.5,9,3,2.5,0.280424,0.0001402
Li,3,2,2.5,9,3,3.5,1.25411,0.0006271
Li,3,2,2.5,10,3,2.5,0.227413,0.0001137
Li,3,2,2.5,10,3,3.5,1.01703,0.0005085
Li,2,1,0.5,3,0,0.5,2.43256,0.0012163
Li,2,1,1.5,3,0,0.5,3.44027,0.0017201
Li,3,0,0.5,3,1,0.5,8.46745,0.0042337
Li,3,0,0.5,3,1,1.5,11.9748,0.0059874
Li,3,0,0.5,4,1,0.5,0.0318905,0.0005758
Li,3,0,0.5,4,1,1.5,0.0451005,0.0009358
Li,3,0,0.5,5,1,0.5,0.154393,0.0001874
Li,3,0,0.5,5,1,1.5,0.218346,0.0003261
Li,3,0,0.5,6,1,0.5,0.137472,0.0009412
Li,3,0,0.5,6,1,1.5,0.194416,0.0013701
Li,3,0,0.5,7,1,0.5,0.113547,0.0004673
Li,3,0,0.5,7,1,1.5,0.16058,0.0006888
Li,3,0,0.5,8,1,0.5,0.0962705,0.0021966
Li,3,0,0.5,8,1,1.5,0.136148,0.003128
Li,3,0,0.5,9,1,0.5,0.0790066,0.0004038
Li,3,0,0.5,9,1,1.5,0.111733,0.0005539
Li,3,0,0.5,10,1,0.5,0.0690829,0.0010434
Li,3,0,0.5,10,1,1.5,0.0976984,0.0014898
Li,3,1,0.5,3,2,1.5,11.701,0.0058505
Li,3,1,0.5,4,2,1.5,7.76495,0.0038825
Li,3,1,0.5,5,2,1.5,3.23536,0.0016177
Li,3,1,0.5,6,2,1.5,1.93933,0.0009697
Li,3,1,0.5,7,2,1.5,1.35105,0.0006755
Li,3,1,0.5,8,2,1.5,1.02078,0.0005104
Li,3,1,0.5,9,2,1.5,0.811179,0.0004056
Li,3,1,0.5,10,2,1.5,0.667365,0.0003337
Li,3,1,1.5,3,2,1.5,5.23285,0.0026164
Li,3,1,1.5,3,2,2.5,15.6986,0.0078493
Li,3,1,1.5,4,2,1.5,3.47259,0.0017363
Li,3,1,1.5,4,2,2.5,10.4176,0.0052088
Li,3,1,1.5,5,2,1.5,1.44689,0.0007234
Li,3,1,1.5,5,2,2.5,4.34067,0.0021703
Li,3,1,1.5,6,2,1.5,0.867292,0.0004336
Li,3,1,1.5,6,2,2.5,2.60187,0.0013009
Li,3,1,1.5,7,2,1.5,0.604206,0.0003021
Li,3,1,1.5,7,2,2.5,1.81262,0.0009063
Li,3,1,1.5,8,2,1.5,0.456505,0.0002283
Li,3,1,1.5,8,2,2.5,1.36952,0.0006848
Li,3,1,1.5,9,2,1.5,0.362769,0.0001814
Li,3,1,1.5,9,2,2.5,1.08831,0.0005442
Li,3,1,1.5,10,2,1.5,0.298454,0.0001492
Li,3,1,1.5,10,2,2.5,0.895365,0.0004477
Li,4,2,1.5,4,3,2.5,24.6231,0.020081
Li,4,2,1.5,5,3,2.5,21.5736,0.146921
Li,4,2,1.5,6,3,2.5,8.01336,0.0040067
Li,4,2,1.5,7,3,2.5,4.53797,0.002269
Li,4,2,1.5,8,3,2.5,3.06181,0.0015309
Li,4,2,1.5,9,3,2.5,2.26891,0.0011345
Li,4,2,1.5,10,3,2.5,1.78132,0.0008907
Li,4,2,2.5,4,3,2.5,6.58079,0.0053628
Li,4,2,2.5,4,3,3.5,29.4302,0.023903
Li,4,2,2.5,5,3,2.5,5.76584,0.0392488
Li,4,2,2.5,5,3,3.5,25.7857,0.175434
Li,4,2,2.5,6,3,2.5,2.14166,0.0010708
Li,4,2,2.5,6,3,3.5,9.57782,0.0047889
Li,4,2,2.5,7,3,2.5,1.21282,0.0006064
Li,4,2,2.5,7,3,3.5,5.42392,0.002712
Li,4,2,2.5,8,3,2.5,0.8183,0.0004092
Li,4,2,2.5,8,3,3.5,3.65957,0.0018298
Li,4,2,2.5,9,3,2.5,0.606388,0.0003032
Li,4,2,2.5,9,3,3.5,2.71186,0.0013559
Li,4,2,2.5,10,3,2.5,0.476076,0.000238
Li,4,2,2.5,10,3,3.5,2.12909,0.0010645
Li,2,1,0.5,4,0,0.5,0.648233,0.0003241
Li,2,1,1.5,4,0,0.5,0.916747,0.0004584
Li,3,1,0.5,4,0,0.5,5.99659,0.0029983
Li,3,1,1.5,4,0,0.5,8.48044,0.0042402
Li,4,0,0.5,4,1,0.5,15.7185,0.0078593
Li,4,0,0.5,4,1,1.5,22.2293,0.0111147
Li,4,0,0.5,5,1,0.5,0.232213,0.0012265
Li,4,0,0.5,5,1,1.5,0.3284,0.0019336
Li,4,0,0.5,6,1,0.5,0.109086,0.0027134
Li,4,0,0.5,6,1,1.5,0.154271,0.003937
Li,4,0,0.5,7,1,0.5,0.130764,0.001255
Li,4,0,0.5,7,1,1.5,0.184928,0.0018381
Li,4,0,0.5,8,1,0.5,0.122809,0.0047953
Li,4,0,0.5,8,1,1.5,0.173678,0.0068272
Li,4,0,0.5,9,1,0.5,0.102347,0.0007128
Li,4,0,0.5,9,1,1.5,0.144741,0.0009732
Li,4,0,0.5,10,1,0.5,0.09183,0.0021447
Li,4,0,0.5,10,1,1.5,0.129868,0.0030611
Li,3,2,1.5,4,1,0.5,1.95963,0.0015667
Li,4,1,0.5,4,2,1.5,24.1107,0.0120554
Li,4,1,0.5,5,2,1.5,11.0853,0.007805
Li,4,1,0.5,6,2,1.5,4.68364,0.0023418
Li,4,1,0.5,7,2,1.5,2.82487,0.0014124
Li,4,1,0.5,8,2,1.5,1.97783,0.0013125
Li,4,1,0.5,9,2,1.5,1.50043,0.0014247
Li,4,1,0.5,10,2,1.5,1.1966,0.0008965
Li,3,2,1.5,4,1,1.5,0.876375,0.0007516
Li,3,2,2.5,4,1,1.5,2.6292,0.0022629
Li,4,1,1.5,4,2,1.5,10.7826,0.0053913
Li,4,1,1.5,4,2,2.5,32.3481,0.016174
Li,4,1,1.5,5,2,1.5,4.95751,0.0036699
Li,4,1,1.5,5,2,2.5,14.8723,0.011065
Li,4,1,1.5,6,2,1.5,2.09458,0.0010473
Li,4,1,1.5,6,2,2.5,6.28367,0.0031857
Li,4,1,1.5,7,2,1.5,1.26332,0.0006317
Li,4,1,1.5,7,2,2.5,3.78996,0.001895
Li,4,1,1.5,8,2,1.5,0.884514,0.0005762
Li,4,1,1.5,8,2,2.5,2.65355,0.0017378
Li,4,1,1.5,9,2,1.5,0.671014,0.0006301
Li,4,1,1.5,9,2,2.5,2.01305,0.0018961
Li,4,1,1.5,10,2,1.5,0.535137,0.000396
Li,4,1,1.5,10,2,2.5,1.60541,0.0011918
Li,4,3,2.5,5,2,1.5,2.61256,0.0110743
Li,5,2,1.5,5,3,2.5,46.6553,0.163494
Li,5,2,1.5,6,3,2.5,28.6788,0.0143394
Li,5,2,1.5,7,3,2.5,10.9604,0.0054802
Li,5,2,1.5,8,3,2.5,6.30306,0.0031515
Li,5,2,1.5,9,3,2.5,4.28852,0.0021443
Li,5,2,1.5,10,3,2.5,3.19528,0.0015976
Li,4,3,2.5,5,2,2.5,0.69821,0.0029535
Li,4,3,3.5,5,2,2.5,3.12248,0.0131518
Li,5,2,2.5,5,3,2.5,12.4691,0.043691
Li,5,2,2.5,5,3,3.5,55.7637,0.195292
Li,5,2,2.5,6,3,2.5,7.66482,0.0038324
Li,5,2,2.5,6,3,3.5,34.278,0.017139
Li,5,2,2.5,7,3,2.5,2.92929,0.0014646
Li,5,2,2.5,7,3,3.5,13.1002,0.0065501
Li,5,2,2.5,8,3,2.5,1.68456,0.0008423
Li,5,2,2.5,8,3,3.5,7.53361,0.0037668
Li,5,2,2.5,9,3,2.5,1.14616,0.0005731
Li,5,2,2.5,9,3,3.5,5.12577,0.0025629
Li,5,2,2.5,10,3,2.5,0.853974,0.000427
Li,5,2,2.5,10,3,3.5,3.8191,0.0019095
Li,2,1,0.5,5,0,0.5,0.348549,0.0001743
Li,2,1,1.5,5,0,0.5,0.492924,0.0002465
Li,3,1,0.5,5,0,0.5,1.52157,0.0007608
Li,3,1,1.5,5,0,0.5,2.15182,0.0010759
Li,4,1,0.5,5,0,0.5,10.9916,0.0054958
Li,4,1,1.5,5,0,0.5,15.5444,0.0077722
Li,5,0,0.5,5,1,0.5,25.078,0.012539
Li,5,0,0.5,5,1,1.5,35.4654,0.0177327
Li,5,0,0.5,6,1,0.5,0.597017,0.0091316
Li,5,0,0.5,6,1,1.5,0.844312,0.013208
Li,5,0,0.5,7,1,0.5,0.0256264,0.0034394
Li,5,0,0.5,7,1,1.5,0.0362408,0.0050097
Li,5,0,0.5,8,1,0.5,0.113098,0.0100857
Li,5,0,0.5,8,1,1.5,0.159946,0.014356
Li,5,0,0.5,9,1,0.5,0.109149,0.001098
Li,5,0,0.5,9,1,1.5,0.15436,0.0014868
Li,5,0,0.5,10,1,0.5,0.106928,0.0040578
Li,5,0,0.5,10,1,1.5,0.15122,0.0057891
Li,3,2,1.5,5,1,0.5,0.702832,0.0004048
Li,4,2,1.5,5,1,0.5,4.50011,0.0039277
Li,5,1,0.5,5,2,1.5,39.8126,0.0199063
Li,5,1,0.5,6,2,1.5,15.0179,0.013702
Li,5,1,0.5,7,2,1.5,6.32683,0.0031634
Li,5,1,0.5,8,2,1.5,3.8132,0.0048481
Li,5,1,0.5,9,2,1.5,2.66717,0.0049018
Li,5,1,0.5,10,2,1.5,2.02253,0.0030585
Li,3,2,1.5,5,1,1.5,0.314317,0.0001966
Li,3,2,2.5,5,1,1.5,0.942972,0.0005922
Li,4,2,1.5,5,1,1.5,2.01251,0.0018647
Li,4,2,2.5,5,1,1.5,6.03772,0.0056423
Li,5,1,1.5,5,2,1.5,17.8047,0.0089024
Li,5,1,1.5,5,2,2.5,53.4144,0.0267072
Li,5,1,1.5,6,2,1.5,6.71621,0.0063928
Li,5,1,1.5,6,2,2.5,20.148,0.01954
Li,5,1,1.5,7,2,1.5,2.82944,0.0014147
Li,5,1,1.5,7,2,2.5,8.48834,0.0042442
Li,5,1,1.5,8,2,1.5,1.70531,0.0021367
Li,5,1,1.5,8,2,2.5,5.11595,0.0064431
Li,5,1,1.5,9,2,1.5,1.19279,0.0021738
Li,5,1,1.5,9,2,2.5,3.57839,0.0065401
Li,5,1,1.5,10,2,1.5,0.904502,0.0013555
Li,5,1,1.5,10,2,2.5,2.71351,0.0040789
Li,4,3,2.5,6,2,1.5,0.887159,0.0031725
Li,5,3,2.5,6,2,1.5,5.87584,0.162128
Li,6,2,1.5,6,3,2.5,72.4697,0.0362348
Li,6,2,1.5,7,3,2.5,36.6644,0.0183322
Li,6,2,1.5,8,3,2.5,14.1542,0.0070771
Li,6,2,1.5,9,3,2.5,8.17829,0.0040891
Li,6,2,1.5,10,3,2.5,5.57948,0.0027897
Li,4,3,2.5,6,2,2.5,0.237089,0.0008396
Li,4,3,3.5,6,2,2.5,1.06029,0.0037368
Li,5,3,2.5,6,2,2.5,1.57029,0.0432754
Li,5,3,3.5,6,2,2.5,7.02253,0.193431
Li,6,2,2.5,6,3,2.5,19.3683,0.0096842
Li,6,2,2.5,6,3,3.5,86.6179,0.0433089
Li,6,2,2.5,7,3,2.5,9.7991,0.0048995
Li,6,2,2.5,7,3,3.5,43.8227,0.0219113
Li,6,2,2.5,8,3,2.5,3.78288,0.0018914
Li,6,2,2.5,8,3,3.5,16.9175,0.0084588
Li,6,2,2.5,9,3,2.5,2.18575,0.0010929
Li,6,2,2.5,9,3,3.5,9.77496,0.0048875
Li,6,2,2.5,10,3,2.5,1.49118,0.0007456
Li,6,2,2.5,10,3,3.5,6.66876,0.0033344
Li,2,1,0.5,6,0,0.5,0.231105,0.0001156
Li,2,1,1.5,6,0,0.5,0.326832,0.0001634
Li,3,1,0.5,6,0,0.5,0.802359,0.0004012
Li,3,1,1.5,6,0,0.5,1.1347,0.0005674
Li,4,1,0.5,6,0,0.5,2.6884,0.0013442
Li,4,1,1.5,6,0,0.5,3.80198,0.001901
Li,5,1,0.5,6,0,0.5,17.4237,0.0087118
Li,5,1,1.5,6,0,0.5,24.6408,0.0123204
Li,6,0,0.5,6,1,0.5,36.5668,0.0182834
Li,6,0,0.5,6,1,1.5,51.7132,0.0258566
Li,6,0,0.5,7,1,0.5,1.07347,0.0115253
Li,6,0,0.5,7,1,1.5,1.51812,0.0167051
Li,6,0,0.5,8,1,0.5,0.0733587,0.0227846
Li,6,0,0.5,8,1,1.5,0.103745,0.0324227
Li,6,0,0.5,9,1,0.5,0.0574514,0.0015007
Li,6,0,0.5,9,1,1.5,0.0812485,0.0019966
Li,6,0,0.5,10,1,0.5,0.0989276,0.0075875
Li,6,0,0.5,10,1,1.5,0.139905,0.0108197
Li,3,2,1.5,6,1,0.5,0.398297,0.0007797
Li,4,2,1.5,6,1,0.5,1.59972,0.0032881
Li,5,2,1.5,6,1,0.5,7.94367,0.0211531
Li,6,1,0.5,6,2,1.5,58.92,0.02946
Li,6,1,0.5,7,2,1.5,19.545,0.034461
Li,6,1,0.5,8,2,1.5,8.1882,0.0096139
Li,6,1,0.5,9,2,1.5,4.9086,0.0101819
Li,6,1,0.5,10,2,1.5,3.42043,0.0056235
Li,3,2,1.5,6,1,1.5,0.178124,0.0003571
Li,3,2,2.5,6,1,1.5,0.534385,0.0010726
Li,4,2,1.5,6,1,1.5,0.715416,0.0015023
Li,4,2,2.5,6,1,1.5,2.1463,0.0045212
Li,5,2,1.5,6,1,1.5,3.55252,0.0096412
Li,5,2,2.5,6,1,1.5,10.6579,0.028995
Li,6,1,1.5,6,2,1.5,26.3498,0.0131749
Li,6,1,1.5,6,2,2.5,79.0497,0.0395248
Li,6,1,1.5,7,2,1.5,8.74078,0.0157782
Li,6,1,1.5,7,2,2.5,26.2223,0.046914
Li,6,1,1.5,8,2,1.5,3.66187,0.0042024
Li,6,1,1.5,8,2,2.5,10.9856,0.012716
Li,6,1,1.5,9,2,1.5,2.19519,0.0045079
Li,6,1,1.5,9,2,2.5,6.58558,0.0135739
Li,6,1,1.5,10,2,1.5,1.52966,0.0024878
Li,6,1,1.5,10,2,2.5,4.589,0.0074932
Li,4,3,2.5,7,2,1.5,0.481557,0.002127
Li,5,3,2.5,7,2,1.5,2.01922,0.0519169
Li,6,3,2.5,7,2,1.5,9.80254,0.0049013
Li,7,2,1.5,7,3,2.5,102.904,0.0514522
Li,7,2,1.5,8,3,2.5,45.6657,0.0228329
Li,7,2,1.5,9,3,2.5,17.6463,0.0088232
Li,7,2,1.5,10,3,2.5,10.1974,0.0050987
Li,4,3,2.5,7,2,2.5,0.128702,0.0005721
Li,4,3,3.5,7,2,2.5,0.57557,0.002549
Li,5,3,2.5,7,2,2.5,0.53966,0.0138891
Li,5,3,3.5,7,2,2.5,2.41343,0.0620817
Li,6,3,2.5,7,2,2.5,2.61977,0.0013099
Li,6,3,3.5,7,2,2.5,11.7161,0.0058581
Li,7,2,2.5,7,3,2.5,27.5023,0.0137512
Li,7,2,2.5,7,3,3.5,122.994,0.0614972
Li,7,2,2.5,8,3,2.5,12.2048,0.0061024
Li,7,2,2.5,8,3,3.5,54.5814,0.0272907
Li,7,2,2.5,9,3,2.5,4.7162,0.0023581
Li,7,2,2.5,9,3,3.5,21.0915,0.0105457
Li,7,2,2.5,10,3,2.5,2.72539,0.0013627
Li,7,2,2.5,10,3,3.5,12.1883,0.0060942
Li,2,1,0.5,7,0,0.5,0.169481,8.47e-05
Li,2,1,1.5,7,0,0.5,0.239683,0.0001198
Li,3,1,0.5,7,0,0.5,0.528373,0.0002642
Li,3,1,1.5,7,0,0.5,0.74723,0.0003736
Li,4,1,0.5,7,0,0.5,1.39191,0.000696
Li,4,1,1.5,7,0,0.5,1.96845,0.0009842
Li,5,1,0.5,7,0,0.5,4.14672,0.0020734
Li,5,1,1.5,7,0,0.5,5.86434,0.0029322
Li,6,1,0.5,7,0,0.5,25.2819,0.023573
Li,6,1,1.5,7,0,0.5,35.754,0.034187
Li,7,0,0.5,7,1,0.5,50.1536,0.0250768
Li,7,0,0.5,7,1,1.5,70.9278,0.0354639
Li,7,0,0.5,8,1,0.5,1.61134,0.0578482
Li,7,0,0.5,8,1,1.5,2.27879,0.0823469
Li,7,0,0.5,9,1,0.5,0.252343,0.004755
Li,7,0,0.5,9,1,1.5,0.356868,0.0064631
Li,7,0,0.5,10,1,0.5,0.0111263,0.0094179
Li,7,0,0.5,10,1,1.5,0.0157343,0.0131548
Li,3,2,1.5,7,1,0.5,0.269123,0.0003869
Li,4,2,1.5,7,1,0.5,0.897783,0.0013503
Li,5,2,1.5,7,1,0.5,2.79241,0.0048368
Li,6,2,1.5,7,1,0.5,12.2768,0.028911
Li,7,1,0.5,7,2,1.5,81.4565,0.0407283
Li,7,1,0.5,8,2,1.5,24.7964,0.061721
Li,7,1,0.5,9,2,1.5,10.2751,0.03357
Li,7,1,0.5,10,2,1.5,6.11504,0.0150008
Li,3,2,1.5,7,1,1.5,0.120356,0.0001786
Li,3,2,2.5,7,1,1.5,0.361075,0.0005367
Li,4,2,1.5,7,1,1.5,0.401501,0.0006207
Li,4,2,2.5,7,1,1.5,1.20453,0.0018699
Li,5,2,1.5,7,1,1.5,1.2488,0.0022147
Li,5,2,2.5,7,1,1.5,3.7465,0.0066646
Li,6,2,1.5,7,1,1.5,5.49037,0.0131994
Li,6,2,2.5,7,1,1.5,16.4719,0.040047
Li,7,1,1.5,7,2,1.5,36.4285,0.0182142
Li,7,1,1.5,7,2,2.5,109.285,0.0546427
Li,7,1,1.5,8,2,1.5,11.0893,0.02712
Li,7,1,1.5,8,2,2.5,33.2678,0.081915
Li,7,1,1.5,9,2,1.5,4.59516,0.014883
Li,7,1,1.5,9,2,2.5,13.7855,0.044797
Li,7,1,1.5,10,2,1.5,2.73473,0.0066469
Li,7,1,1.5,10,2,2.5,8.2042,0.0200118
Li,4,3,2.5,8,2,1.5,0.318635,0.0034779
Li,5,3,2.5,8,2,1.5,1.1034,0.0339459
Li,6,3,2.5,8,2,1.5,3.39649,0.0016982
Li,7,3,2.5,8,2,1.5,14.8896,0.0074448
Li,8,2,1.5,8,3,2.5,137.9,0.06895
Li,8,2,1.5,9,3,2.5,55.677,0.0278385
Li,8,2,1.5,10,3,2.5,21.4577,0.0107289
Li,4,3,2.5,8,2,2.5,0.085159,0.0009319
Li,4,3,3.5,8,2,2.5,0.380841,0.0041612
Li,5,3,2.5,8,2,2.5,0.294896,0.0090796
Li,5,3,3.5,8,2,2.5,1.31881,0.0405881
Li,6,3,2.5,8,2,2.5,0.907728,0.0004539
Li,6,3,3.5,8,2,2.5,4.05953,0.0020298
Li,7,3,2.5,8,2,2.5,3.97932,0.0019897
Li,7,3,3.5,8,2,2.5,17.7963,0.0088981
Li,8,2,2.5,8,3,2.5,36.8553,0.0184276
Li,8,2,2.5,8,3,3.5,164.822,0.082411
Li,8,2,2.5,9,3,2.5,14.8805,0.0074403
Li,8,2,2.5,9,3,3.5,66.5473,0.0332736
Li,8,2,2.5,10,3,2.5,5.73486,0.0028674
Li,8,2,2.5,10,3,3.5,25.647,0.0128235
Li,2,1,0.5,8,0,0.5,0.131897,6.59e-05
Li,2,1,1.5,8,0,0.5,0.186531,9.33e-05
Li,3,1,0.5,8,0,0.5,0.386952,0.0001935
Li,3,1,1.5,8,0,0.5,0.547232,0.0002736
Li,4,1,0.5,8,0,0.5,0.907992,0.000454
Li,4,1,1.5,8,0,0.5,1.28409,0.000642
Li,5,1,0.5,8,0,0.5,2.11368,0.0010568
Li,5,1,1.5,8,0,0.5,2.98919,0.0014946
Li,6,1,0.5,8,0,0.5,5.89485,0.0029474
Li,6,1,1.5,8,0,0.5,8.33658,0.0041683
Li,7,1,0.5,8,0,0.5,34.6247,0.0173124
Li,7,1,1.5,8,0,0.5,48.9667,0.0244834
Li,8,0,0.5,8,1,0.5,65.8868,0.042682
Li,8,0,0.5,8,1,1.5,93.1781,0.060974
Li,8,0,0.5,9,1,0.5,2.39059,0.0322383
Li,8,0,0.5,9,1,1.5,3.38082,0.0449081
Li,8,0,0.5,10,1,0.5,0.415222,0.0163826
Li,8,0,0.5,10,1,1.5,0.587215,0.0234984
Li,3,2,1.5,8,1,0.5,0.200806,0.0013886
Li,4,2,1.5,8,1,0.5,0.607085,0.0038835
Li,5,2,1.5,8,1,0.5,1.56374,0.0098284
Li,6,2,1.5,8,1,0.5,4.3052,0.0284642
Li,7,2,1.5,8,1,0.5,17.6058,0.130659
Li,8,1,0.5,8,2,1.5,107.411,0.0537053
Li,8,1,0.5,9,2,1.5,30.492,0.015246
Li,8,1,0.5,10,2,1.5,12.5167,0.0062584
Li,3,2,1.5,8,1,1.5,0.0898035,0.0006251
Li,3,2,2.5,8,1,1.5,0.269416,0.001876
Li,4,2,1.5,8,1,1.5,0.271497,0.0017479
Li,4,2,2.5,8,1,1.5,0.81451,0.0052487
Li,5,2,1.5,8,1,1.5,0.699327,0.0044226
Li,5,2,2.5,8,1,1.5,2.09803,0.0132783
Li,6,2,1.5,8,1,1.5,1.92535,0.0128053
Li,6,2,2.5,8,1,1.5,5.77626,0.0385413
Li,7,2,1.5,8,1,1.5,7.87356,0.0588095
Li,7,2,2.5,8,1,1.5,23.6207,0.175919
Li,8,1,1.5,8,2,1.5,48.0355,0.0240177
Li,8,1,1.5,8,2,2.5,144.106,0.0720532
Li,8,1,1.5,9,2,1.5,13.6364,0.0068182
Li,8,1,1.5,9,2,2.5,40.9093,0.0204547
Li,8,1,1.5,10,2,1.5,5.59764,0.0027988
Li,8,1,1.5,10,2,2.5,16.7929,0.0083965
Li,4,3,2.5,9,2,1.5,0.233152,0.0035625
Li,5,3,2.5,9,2,1.5,0.727757,0.0249863
Li,6,3,2.5,9,2,1.5,1.84677,0.0009234
Li,7,3,2.5,9,2,1.5,5.1756,0.0025878
Li,8,3,2.5,9,2,1.5,20.9821,0.0104911
Li,9,2,1.5,9,3,2.5,177.497,0.0887485
Li,9,2,1.5,10,3,2.5,66.695,0.0333475
Li,4,3,2.5,9,2,2.5,0.0623127,0.0009539
Li,4,3,3.5,9,2,2.5,0.27867,0.0042611
Li,5,3,2.5,9,2,2.5,0.194501,0.0066826
Li,5,3,3.5,9,2,2.5,0.869836,0.0298742
Li,6,3,2.5,9,2,2.5,0.493558,0.0002468
Li,6,3,3.5,9,2,2.5,2.20729,0.0011036
Li,7,3,2.5,9,2,2.5,1.38321,0.0006916
Li,7,3,3.5,9,2,2.5,6.18596,0.003093
Li,8,3,2.5,9,2,2.5,5.60756,0.0028038
Li,8,3,3.5,9,2,2.5,25.0781,0.0125391
Li,9,2,2.5,9,3,2.5,47.438,0.023719
Li,9,2,2.5,9,3,3.5,212.149,0.106075
Li,9,2,2.5,10,3,2.5,17.8253,0.0089126
Li,9,2,2.5,10,3,3.5,79.7164,0.0398582
Li,2,1,0.5,9,0,0.5,0.106795,5.34e-05
Li,2,1,1.5,9,0,0.5,0.151031,7.55e-05
Li,3,1,0.5,9,0,0.5,0.301601,0.0001508
Li,3,1,1.5,9,0,0.5,0.426527,0.0002133
Li,4,1,0.5,9,0,0.5,0.662098,0.000331
Li,4,1,1.5,9,0,0.5,0.936348,0.0004682
Li,5,1,0.5,9,0,0.5,1.36664,0.0006833
Li,5,1,1.5,9,0,0.5,1.93272,0.0009664
Li,6,1,0.5,9,0,0.5,2.96708,0.0014835
Li,6,1,1.5,9,0,0.5,4.19609,0.002098
Li,7,1,0.5,9,0,0.5,7.9333,0.0039666
Li,7,1,1.5,9,0,0.5,11.2194,0.0056097
Li,8,1,0.5,9,0,0.5,45.2623,0.112433
Li,8,1,1.5,9,0,0.5,64.0105,0.160466
Li,9,0,0.5,9,1,0.5,83.6113,0.049063
Li,9,0,0.5,9,1,1.5,118.244,0.06858
Li,9,0,0.5,10,1,0.5,3.11433,0.0379304
Li,9,0,0.5,10,1,1.5,4.40434,0.0544861
Li,3,2,1.5,9,1,0.5,0.156455,0.0001821
Li,4,2,1.5,9,1,0.5,0.446167,0.0003788
Li,5,2,1.5,9,1,0.5,1.03979,0.0005848
Li,6,2,1.5,9,1,0.5,2.36803,0.001184
Li,7,2,1.5,9,1,0.5,6.05798,0.0052185
Li,8,2,1.5,9,1,0.5,23.4652,0.139963
Li,9,1,0.5,9,2,1.5,136.829,0.0684146
Li,9,1,0.5,10,2,1.5,37.1538,0.289897
Li,3,2,1.5,9,1,1.5,0.069969,7.83e-05
Li,3,2,2.5,9,1,1.5,0.209911,0.0002343
Li,4,2,1.5,9,1,1.5,0.199532,0.0001613
Li,4,2,2.5,9,1,1.5,0.598611,0.0004803
Li,5,2,1.5,9,1,1.5,0.465008,0.000244
Li,5,2,2.5,9,1,1.5,1.39505,0.0007251
Li,6,2,1.5,9,1,1.5,1.05902,0.0005295
Li,6,2,2.5,9,1,1.5,3.17717,0.0015886
Li,7,2,1.5,9,1,1.5,2.70921,0.0022312
Li,7,2,2.5,9,1,1.5,8.12764,0.0068332
Li,8,2,1.5,9,1,1.5,10.494,0.062095
Li,8,2,2.5,9,1,1.5,31.4819,0.186948
Li,9,1,1.5,9,2,1.5,61.1919,0.0305959
Li,9,1,1.5,9,2,2.5,183.576,0.0917878
Li,9,1,1.5,10,2,1.5,16.6157,0.128886
Li,9,1,1.5,10,2,2.5,49.847,0.387563
Li,4,3,2.5,10,2,1.5,0.18083,0.0027008
Li,5,3,2.5,10,2,1.5,0.52959,0.018027
Li,6,3,2.5,10,2,1.5,1.21201,0.000606
Li,7,3,2.5,10,2,1.5,2.8122,0.0014061
Li,8,3,2.5,10,2,1.5,7.30517,0.0036526
Li,9,3,2.5,10,2,1.5,28.0833,0.0140417
Li,10,2,1.5,10,3,2.5,221.715,0.110857
Li,4,3,2.5,10,2,2.5,0.0483289,0.0007232
Li,4,3,3.5,10,2,2.5,0.216133,0.0032306
Li,5,3,2.5,10,2,2.5,0.141539,0.0048214
Li,5,3,3.5,10,2,2.5,0.632981,0.0215538
Li,6,3,2.5,10,2,2.5,0.323916,0.000162
Li,6,3,3.5,10,2,2.5,1.44861,0.0007243
Li,7,3,2.5,10,2,2.5,0.751577,0.0003758
Li,7,3,3.5,10,2,2.5,3.36119,0.0016806
Li,8,3,2.5,10,2,2.5,1.95235,0.0009762
Li,8,3,3.5,10,2,2.5,8.73126,0.0043656
Li,9,3,2.5,10,2,2.5,7.5054,0.0037527
Li,9,3,3.5,10,2,2.5,33.5656,0.0167828
Li,10,2,2.5,10,3,2.5,59.2557,0.0296278
Li,10,2,2.5,10,3,3.5,265,0.1325
Li,2,1,0.5,10,0,0.5,0.0891731,0.0002134
Li,2,1,1.5,10,0,0.5,0.12611,0.0003019
Li,3,1,0.5,10,0,0.5,0.245798,0.0008923
Li,3,1,1.5,10,0,0.5,0.34761,0.0012621
Li,4,1,0.5,10,0,0.5,0.517514,0.0022404
Li,4,1,1.5,10,0,0.5,0.731874,0.003171
Li,5,1,0.5,10,0,0.5,0.996184,0.0046073
Li,5,1,1.5,10,0,0.5,1.40882,0.0065228
Li,6,1,0.5,10,0,0.5,1.91208,0.008808
Li,6,1,1.5,10,0,0.5,2.70409,0.0124709
Li,7,1,0.5,10,0,0.5,3.96595,0.0145101
Li,7,1,1.5,10,0,0.5,5.60871,0.0205438
Li,8,1,0.5,10,0,0.5,10.27,0.00809
Li,8,1,1.5,10,0,0.5,14.524,0.011439
Li,9,1,0.5,10,0,0.5,56.9542,0.614995
Li,9,1,1.5,10,0,0.5,80.5454,0.871545
Li,10,0,0.5,10,1,0.5,104.221,0.63022
Li,10,0,0.5,10,1,1.5,147.39,0.8923
Li,3,2,1.5,10,1,0.5,0.128466,0.000642
Li,4,2,1.5,10,1,0.5,0.352074,0.0016289
Li,5,2,1.5,10,1,0.5,0.771171,0.0034669
Li,6,2,1.5,10,1,0.5,1.58554,0.0071263
Li,7,2,1.5,10,1,0.5,3.353,0.0132778
Li,8,2,1.5,10,1,0.5,8.14954,0.0040748
Li,9,2,1.5,10,1,0.5,30.5567,0.081821
Li,10,1,0.5,10,2,1.5,169.707,0.0848533
Li,3,2,1.5,10,1,1.5,0.0574518,0.0002897
Li,3,2,2.5,10,1,1.5,0.172359,0.0008695
Li,4,2,1.5,10,1,1.5,0.157452,0.0007347
Li,4,2,2.5,10,1,1.5,0.472368,0.0022071
Li,5,2,1.5,10,1,1.5,0.344878,0.0015632
Li,5,2,2.5,10,1,1.5,1.03466,0.0046946
Li,6,2,1.5,10,1,1.5,0.709074,0.0032119
Li,6,2,2.5,10,1,1.5,2.12729,0.0096772
Li,7,2,1.5,10,1,1.5,1.49951,0.0059901
Li,7,2,2.5,10,1,1.5,4.49852,0.0178991
Li,8,2,1.5,10,1,1.5,3.64459,0.0018223
Li,8,2,2.5,10,1,1.5,10.9338,0.0054669
Li,9,2,1.5,10,1,1.5,13.6654,0.035957
Li,9,2,2.5,10,1,1.5,40.9961,0.108716
Li,10,1,1.5,10,2,1.5,75.8951,0.0379476
Li,10,1,1.5,10,2,2.5,227.685,0.113843
Na,3,0,0.5,3,1,0.5,3.5246,0.0023
Na,3,0,0.5,3,1,1.5,4.9838,0.0034
Na,3,0,0.5,4,1,0.5,0.305336,0.0030534
Na,3,0,0.5,4,1,1.5,0.43532,0.0043532
Na,3,0,0.5,5,1,0.5,0.107351,0.0002184
Na,3,0,0.5,5,1,1.5,0.153854,0.0003071
Na,3,0,0.5,6,1,0.5,0.056473,0.0001332
Na,3,0,0.5,6,1,1.5,0.0812405,0.0001721
Na,3,0,0.5,7,1,0.5,0.035919,0.0001306
Na,3,0,0.5,7,1,1.5,0.0518114,0.0001529
Na,3,0,0.5,8,1,0.5,0.0254455,9.9e-05
Na,3,0,0.5,8,1,1.5,0.0367756,0.0001436
Na,3,0,0.5,9,1,0.5,0.0192961,7.25e-05
Na,3,0,0.5,9,1,1.5,0.0279281,0.0001045
Na,3,0,0.5,10,1,0.5,0.015326,7.26e-05
Na,3,0,0.5,10,1,1.5,0.0222061,0.0001006
Na,3,0,0.5,11,1,0.5,0.0125841,6.34e-05
Na,3,0,0.5,11,1,1.5,0.0182483,9.25e-05
Na,3,1,0.5,3,2,1.5,6.79109,0.0033955
Na,3,1,0.5,4,2,1.5,1.91697,0.0064259
Na,3,1,0.5,5,2,1.5,0.997925,0.0007107
Na,3,1,0.5,6,2,1.5,0.646472,0.0005313
Na,3,1,0.5,7,2,1.5,0.46718,0.0004986
Na,3,1,0.5,8,2,1.5,0.360323,0.0004182
Na,3,1,0.5,9,2,1.5,0.289956,0.0005121
Na,3,1,0.5,10,2,1.5,0.240779,0.0001948
Na,3,1,0.5,11,2,1.5,0.20411,0.0005751
Na,3,1,1.5,3,2,1.5,3.0406,0.0015203
Na,3,1,1.5,3,2,2.5,9.12189,0.0045609
Na,3,1,1.5,4,2,1.5,0.856847,0.002865
Na,3,1,1.5,4,2,2.5,2.57052,0.0085932
Na,3,1,1.5,5,2,1.5,0.445771,0.0003212
Na,3,1,1.5,5,2,2.5,1.33729,0.000961
Na,3,1,1.5,6,2,1.5,0.288683,0.0002401
Na,3,1,1.5,6,2,2.5,0.866028,0.0007202
Na,3,1,1.5,7,2,1.5,0.208579,0.0002251
Na,3,1,1.5,7,2,2.5,0.625749,0.0006328
Na,3,1,1.5,8,2,1.5,0.160851,0.0001887
Na,3,1,1.5,8,2,2.5,0.482562,0.0005307
Na,3,1,1.5,9,2,1.5,0.129428,0.0002306
Na,3,1,1.5,9,2,2.5,0.38829,0.0006617
Na,3,1,1.5,10,2,1.5,0.10747,8.82e-05
Na,3,1,1.5,10,2,2.5,0.322399,0.0002635
Na,3,1,1.5,11,2,1.5,0.0910985,0.0002585
Na,3,1,1.5,11,2,2.5,0.273287,0.0007719
Na,3,2,1.5,4,3,2.5,15.6098,0.0078049
Na,3,2,1.5,5,3,2.5,5.14355,0.0025718
Na,3,2,1.5,6,3,2.5,2.80394,0.001402
Na,3,2,1.5,7,3,2.5,1.8575,0.0009287
Na,3,2,1.5,8,3,2.5,1.36154,0.0006808
Na,3,2,1.5,9,3,2.5,1.06073,0.0005304
Na,3,2,1.5,10,3,2.5,0.861256,0.0004344
Na,3,2,1.5,11,3,2.5,0.719514,0.0003598
Na,3,2,2.5,4,3,2.5,4.17185,0.0020859
Na,3,2,2.5,4,3,3.5,18.6571,0.0093286
Na,3,2,2.5,5,3,2.5,1.37467,0.0006873
Na,3,2,2.5,5,3,3.5,6.14774,0.0030739
Na,3,2,2.5,6,3,2.5,0.749388,0.0003747
Na,3,2,2.5,6,3,3.5,3.35138,0.0016757
Na,3,2,2.5,7,3,2.5,0.49644,0.0002482
Na,3,2,2.5,7,3,3.5,2.22016,0.0011101
Na,3,2,2.5,8,3,2.5,0.363889,0.0001819
Na,3,2,2.5,8,3,3.5,1.62737,0.0008137
Na,3,2,2.5,9,3,2.5,0.283494,0.0001417
Na,3,2,2.5,9,3,3.5,1.26783,0.0006339
Na,3,2,2.5,10,3,2.5,0.230182,0.0001161
Na,3,2,2.5,10,3,3.5,1.02941,0.0005147
Na,3,2,2.5,11,3,2.5,0.1923,9.61e-05
Na,3,2,2.5,11,3,3.5,0.859996,0.00043
Na,3,1,0.5,4,0,0.5,3.57623,0.0017881
Na,3,1,1.5,4,0,0.5,5.06704,0.0025335
Na,4,0,0.5,4,1,0.5,8.37302,0.0041865
Na,4,0,0.5,4,1,1.5,11.836,0.005918
Na,4,0,0.5,5,1,0.5,0.944067,0.0008566
Na,4,0,0.5,5,1,1.5,1.34174,0.001205
Na,4,0,0.5,6,1,0.5,0.37749,0.0004875
Na,4,0,0.5,6,1,1.5,0.537725,0.0006573
Na,4,0,0.5,7,1,0.5,0.215006,0.0003905
Na,4,0,0.5,7,1,1.5,0.306667,0.0004955
Na,4,0,0.5,8,1,0.5,0.144129,0.0002859
Na,4,0,0.5,8,1,1.5,0.20581,0.0004101
Na,4,0,0.5,9,1,0.5,0.105915,0.000212
Na,4,0,0.5,9,1,1.5,0.151341,0.0003029
Na,4,0,0.5,10,1,0.5,0.0825269,0.0001927
Na,4,0,0.5,10,1,1.5,0.117972,0.0002689
Na,4,0,0.5,11,1,0.5,0.0669012,0.000164
Na,4,0,0.5,11,1,1.5,0.0956757,0.0002363
Na,3,2,1.5,4,1,0.5,10.8667,0.0054334
Na,4,1,0.5,4,2,1.5,12.0824,0.0060412
Na,4,1,0.5,5,2,1.5,3.71936,0.0018597
Na,4,1,0.5,6,2,1.5,1.99742,0.0009987
Na,4,1,0.5,7,2,1.5,1.31497,0.0006575
Na,4,1,0.5,8,2,1.5,0.96056,0.0004803
Na,4,1,0.5,9,2,1.5,0.746678,0.0004677
Na,4,1,0.5,10,2,1.5,0.605282,0.0003026
Na,4,1,0.5,11,2,1.5,0.504759,0.0005397
Na,3,2,1.5,4,1,1.5,4.85759,0.0024288
Na,3,2,2.5,4,1,1.5,14.5726,0.0072863
Na,4,1,1.5,4,2,1.5,5.41177,0.0027059
Na,4,1,1.5,4,2,2.5,16.2356,0.0081178
Na,4,1,1.5,5,2,1.5,1.66336,0.0008317
Na,4,1,1.5,5,2,2.5,4.99006,0.002495
Na,4,1,1.5,6,2,1.5,0.892786,0.0004464
Na,4,1,1.5,6,2,2.5,2.67832,0.0013392
Na,4,1,1.5,7,2,1.5,0.587583,0.0002938
Na,4,1,1.5,7,2,2.5,1.76276,0.0008814
Na,4,1,1.5,8,2,1.5,0.429143,0.0002146
Na,4,1,1.5,8,2,2.5,1.28744,0.0006437
Na,4,1,1.5,9,2,1.5,0.33355,0.0002108
Na,4,1,1.5,9,2,2.5,1.00066,0.0006033
Na,4,1,1.5,10,2,1.5,0.270366,0.0001352
Na,4,1,1.5,10,2,2.5,0.811078,0.0004055
Na,4,1,1.5,11,2,1.5,0.225451,0.0002428
Na,4,1,1.5,11,2,2.5,0.676338,0.000725
Na,4,2,1.5,4,3,2.5,24.6788,0.0123394
Na,4,2,1.5,5,3,2.5,21.2569,0.0106285
Na,4,2,1.5,6,3,2.5,7.96241,0.0039812
Na,4,2,1.5,7,3,2.5,4.53562,0.0022678
Na,4,2,1.5,8,3,2.5,3.06985,0.0015349
Na,4,2,1.5,9,3,2.5,2.27908,0.0011395
Na,4,2,1.5,10,3,2.5,1.79198,0.000896
Na,4,2,1.5,11,3,2.5,1.46415,0.0007321
Na,4,2,2.5,4,3,2.5,6.5957,0.0032979
Na,4,2,2.5,4,3,3.5,29.4969,0.0147484
Na,4,2,2.5,5,3,2.5,5.68102,0.0028405
Na,4,2,2.5,5,3,3.5,25.4063,0.0127032
Na,4,2,2.5,6,3,2.5,2.12803,0.001064
Na,4,2,2.5,6,3,3.5,9.51684,0.0047584
Na,4,2,2.5,7,3,2.5,1.21219,0.0006061
Na,4,2,2.5,7,3,3.5,5.42111,0.0027106
Na,4,2,2.5,8,3,2.5,0.820454,0.0004102
Na,4,2,2.5,8,3,3.5,3.66919,0.0018346
Na,4,2,2.5,9,3,2.5,0.609112,0.0003046
Na,4,2,2.5,9,3,3.5,2.72404,0.001362
Na,4,2,2.5,10,3,2.5,0.47893,0.0002395
Na,4,2,2.5,10,3,3.5,2.14185,0.0010709
Na,4,2,2.5,11,3,2.5,0.391314,0.0001957
Na,4,2,2.5,11,3,3.5,1.75001,0.000875
Na,3,1,0.5,5,0,0.5,0.757374,0.0003787
Na,3,1,1.5,5,0,0.5,1.0711,0.0005355
Na,4,1,0.5,5,0,0.5,8.38748,0.0041937
Na,4,1,1.5,5,0,0.5,11.8807,0.0059403
Na,5,0,0.5,5,1,0.5,14.9916,0.0074958
Na,5,0,0.5,5,1,1.5,21.1887,0.0105944
Na,5,0,0.5,6,1,0.5,1.81573,0.0010945
Na,5,0,0.5,6,1,1.5,2.5782,0.0014827
Na,5,0,0.5,7,1,0.5,0.747412,0.0007632
Na,5,0,0.5,7,1,1.5,1.06302,0.0009616
Na,5,0,0.5,8,1,0.5,0.432201,0.0005095
Na,5,0,0.5,8,1,1.5,0.61542,0.0007402
Na,5,0,0.5,9,1,0.5,0.292519,0.0003549
Na,5,0,0.5,9,1,1.5,0.416802,0.0005138
Na,5,0,0.5,10,1,0.5,0.216498,0.000318
Na,5,0,0.5,10,1,1.5,0.308615,0.0004474
Na,5,0,0.5,11,1,0.5,0.16955,0.0002654
Na,5,0,0.5,11,1,1.5,0.241788,0.0003872
Na,3,2,1.5,5,1,0.5,0.176097,0.0017054
Na,4,2,1.5,5,1,0.5,22.6181,0.0113091
Na,5,1,0.5,5,2,1.5,18.6563,0.0093282
Na,5,1,0.5,6,2,1.5,5.8317,0.0029159
Na,5,1,0.5,7,2,1.5,3.15234,0.0015762
Na,5,1,0.5,8,2,1.5,2.0832,0.0010416
Na,5,1,0.5,9,2,1.5,1.52599,0.000763
Na,5,1,0.5,10,2,1.5,1.18988,0.0005949
Na,5,1,0.5,11,2,1.5,0.966245,0.0006812
Na,3,2,1.5,5,1,1.5,0.0760358,0.0007652
Na,3,2,2.5,5,1,1.5,0.228045,0.0022948
Na,4,2,1.5,5,1,1.5,10.1109,0.0050554
Na,4,2,2.5,5,1,1.5,30.3323,0.0151661
Na,5,1,1.5,5,2,1.5,8.35779,0.0041789
Na,5,1,1.5,5,2,2.5,25.0739,0.0125369
Na,5,1,1.5,6,2,1.5,2.60872,0.0013044
Na,5,1,1.5,6,2,2.5,7.82616,0.0039131
Na,5,1,1.5,7,2,1.5,1.40942,0.0007047
Na,5,1,1.5,7,2,2.5,4.22827,0.0021141
Na,5,1,1.5,8,2,1.5,0.931154,0.0004656
Na,5,1,1.5,8,2,2.5,2.79347,0.0013967
Na,5,1,1.5,9,2,1.5,0.68198,0.000341
Na,5,1,1.5,9,2,2.5,2.04594,0.001023
Na,5,1,1.5,10,2,1.5,0.531708,0.0002659
Na,5,1,1.5,10,2,2.5,1.5951,0.0007975
Na,5,1,1.5,11,2,1.5,0.431741,0.000307
Na,5,1,1.5,11,2,2.5,1.2952,0.0009166
Na,4,3,2.5,5,2,1.5,2.7953,0.0029742
Na,5,2,1.5,5,3,2.5,46.6106,0.0233053
Na,5,2,1.5,6,3,2.5,27.9048,0.0139524
Na,5,2,1.5,7,3,2.5,10.8344,0.0054172
Na,5,2,1.5,8,3,2.5,6.26889,0.0031344
Na,5,2,1.5,9,3,2.5,4.27935,0.0021397
Na,5,2,1.5,10,3,2.5,3.19505,0.0015975
Na,5,2,1.5,11,3,2.5,2.52247,0.0012612
Na,4,3,2.5,5,2,2.5,0.747134,0.0007922
Na,4,3,3.5,5,2,2.5,3.34128,0.0034855
Na,5,2,2.5,5,3,2.5,12.4573,0.0062286
Na,5,2,2.5,5,3,3.5,55.7105,0.0278553
Na,5,2,2.5,6,3,2.5,7.45765,0.0037288
Na,5,2,2.5,6,3,3.5,33.3516,0.0166758
Na,5,2,2.5,7,3,2.5,2.89558,0.0014478
Na,5,2,2.5,7,3,3.5,12.9494,0.0064747
Na,5,2,2.5,8,3,2.5,1.67542,0.0008377
Na,5,2,2.5,8,3,3.5,7.49271,0.0037464
Na,5,2,2.5,9,3,2.5,1.1437,0.0005718
Na,5,2,2.5,9,3,3.5,5.11479,0.0025574
Na,5,2,2.5,10,3,2.5,0.853912,0.000427
Na,5,2,2.5,10,3,3.5,3.81882,0.0019094
Na,5,2,2.5,11,3,2.5,0.674158,0.0003371
Na,5,2,2.5,11,3,3.5,3.01493,0.0015075
Na,3,1,0.5,6,0,0.5,0.391168,0.0001956
Na,3,1,1.5,6,0,0.5,0.553028,0.0002765
Na,4,1,0.5,6,0,0.5,1.58865,0.0007943
Na,4,1,1.5,6,0,0.5,2.24531,0.0011227
Na,5,1,0.5,6,0,0.5,14.9679,0.007484
Na,5,1,1.5,6,0,0.5,21.199,0.0105995
Na,6,0,0.5,6,1,0.5,23.4234,0.0117117
Na,6,0,0.5,6,1,1.5,33.1031,0.0165515
Na,6,0,0.5,7,1,0.5,2.92117,0.0019614
Na,6,0,0.5,7,1,1.5,4.14586,0.0024879
Na,6,0,0.5,8,1,0.5,1.21404,0.0011011
Na,6,0,0.5,8,1,1.5,1.72573,0.0015974
Na,6,0,0.5,9,1,0.5,0.705006,0.000694
Na,6,0,0.5,9,1,1.5,1.003,0.0010037
Na,6,0,0.5,10,1,0.5,0.478382,0.0005824
Na,6,0,0.5,10,1,1.5,0.680942,0.0008193
Na,6,0,0.5,11,1,0.5,0.354586,0.0004666
Na,6,0,0.5,11,1,1.5,0.504948,0.0006803
Na,3,2,1.5,6,1,0.5,0.0633968,0.0006868
Na,4,2,1.5,6,1,0.5,0.586049,0.0036062
Na,5,2,1.5,6,1,0.5,37.5944,0.0187972
Na,6,1,0.5,6,2,1.5,26.5347,0.0132674
Na,6,1,0.5,7,2,1.5,8.29018,0.0041451
Na,6,1,0.5,8,2,1.5,4.47683,0.0022384
Na,6,1,0.5,9,2,1.5,2.9561,0.001478
Na,6,1,0.5,10,2,1.5,2.16546,0.0010827
Na,6,1,0.5,11,2,1.5,1.68806,0.000844
Na,3,2,1.5,6,1,1.5,0.0272487,0.0003002
Na,3,2,2.5,6,1,1.5,0.0817221,0.0009002
Na,4,2,1.5,6,1,1.5,0.256226,0.0015749
Na,4,2,2.5,6,1,1.5,0.768446,0.0047265
Na,5,2,1.5,6,1,1.5,16.806,0.008403
Na,5,2,2.5,6,1,1.5,50.4176,0.0252088
Na,6,1,1.5,6,2,1.5,11.8884,0.0059442
Na,6,1,1.5,6,2,2.5,35.666,0.017833
Na,6,1,1.5,7,2,1.5,3.70907,0.0018545
Na,6,1,1.5,7,2,2.5,11.1272,0.0055636
Na,6,1,1.5,8,2,1.5,2.00198,0.001001
Na,6,1,1.5,8,2,2.5,6.00594,0.003003
Na,6,1,1.5,9,2,1.5,1.32159,0.0006608
Na,6,1,1.5,9,2,2.5,3.96476,0.0019824
Na,6,1,1.5,10,2,1.5,0.967965,0.000484
Na,6,1,1.5,10,2,2.5,2.90386,0.0014519
Na,6,1,1.5,11,2,1.5,0.754481,0.0003772
Na,6,1,1.5,11,2,2.5,2.26342,0.0011317
Na,4,3,2.5,6,2,1.5,0.94572,0.0008506
Na,5,3,2.5,6,2,1.5,6.11861,0.0048941
Na,6,2,1.5,6,3,2.5,72.6269,0.0363134
Na,6,2,1.5,7,3,2.5,35.5346,0.0177673
Na,6,2,1.5,8,3,2.5,13.9385,0.0069693
Na,6,2,1.5,9,3,2.5,8.10404,0.004052
Na,6,2,1.5,10,3,2.5,5.54719,0.0027736
Na,6,2,1.5,11,3,2.5,4.15023,0.0020751
Na,4,3,2.5,6,2,2.5,0.252774,0.0002272
Na,4,3,3.5,6,2,2.5,1.13044,0.0009981
Na,5,3,2.5,6,2,2.5,1.6354,0.0013071
Na,5,3,3.5,6,2,2.5,7.31372,0.0057346
Na,6,2,2.5,6,3,2.5,19.4104,0.0097052
Na,6,2,2.5,6,3,3.5,86.8059,0.043403
Na,6,2,2.5,7,3,2.5,9.49666,0.0047483
Na,6,2,2.5,7,3,3.5,42.4704,0.0212352
Na,6,2,2.5,8,3,2.5,3.72515,0.0018626
Na,6,2,2.5,8,3,3.5,16.6594,0.0083297
Na,6,2,2.5,9,3,2.5,2.16587,0.0010829
Na,6,2,2.5,9,3,3.5,9.68608,0.004843
Na,6,2,2.5,10,3,2.5,1.48254,0.0007413
Na,6,2,2.5,10,3,3.5,6.63012,0.0033151
Na,6,2,2.5,11,3,2.5,1.10919,0.0005546
Na,6,2,2.5,11,3,3.5,4.96045,0.0024802
Na,3,1,0.5,7,0,0.5,0.255582,0.0001278
Na,3,1,1.5,7,0,0.5,0.361296,0.0001806
Na,4,1,0.5,7,0,0.5,0.792043,0.000396
Na,4,1,1.5,7,0,0.5,1.11899,0.0005595
Na,5,1,0.5,7,0,0.5,2.65974,0.0013299
Na,5,1,1.5,7,0,0.5,3.75794,0.001879
Na,6,1,0.5,7,0,0.5,23.3307,0.0116654
Na,6,1,1.5,7,0,0.5,33.0402,0.0165201
Na,7,0,0.5,7,1,0.5,33.6742,0.0168371
Na,7,0,0.5,7,1,1.5,47.5877,0.0237939
Na,7,0,0.5,8,1,0.5,4.25897,0.0025974
Na,7,0,0.5,8,1,1.5,6.04343,0.0037604
Na,7,0,0.5,9,1,0.5,1.77569,0.001372
Na,7,0,0.5,9,1,1.5,2.52305,0.0019831
Na,7,0,0.5,10,1,0.5,1.03187,0.0010369
Na,7,0,0.5,10,1,1.5,1.46724,0.0014582
Na,7,0,0.5,11,1,0.5,0.699958,0.000779
Na,7,0,0.5,11,1,1.5,0.995812,0.001136
Na,3,2,1.5,7,1,0.5,0.0320175,0.0004589
Na,4,2,1.5,7,1,0.5,0.240534,0.0016127
Na,5,2,1.5,7,1,0.5,1.25199,0.0066329
Na,6,2,1.5,7,1,0.5,55.8927,0.0279463
Na,7,1,0.5,7,2,1.5,35.7286,0.019391
Na,7,1,0.5,8,2,1.5,11.1065,0.0055533
Na,7,1,0.5,9,2,1.5,5.9761,0.002988
Na,7,1,0.5,10,2,1.5,3.93658,0.0019683
Na,7,1,0.5,11,2,1.5,2.87823,0.0014391
Na,3,2,1.5,7,1,1.5,0.0136705,0.0001924
Na,3,2,2.5,7,1,1.5,0.0409976,0.0005771
Na,4,2,1.5,7,1,1.5,0.105252,0.0006758
Na,4,2,2.5,7,1,1.5,0.315665,0.002028
Na,5,2,1.5,7,1,1.5,0.550059,0.002773
Na,5,2,2.5,7,1,1.5,1.64974,0.008298
Na,6,2,1.5,7,1,1.5,24.9865,0.0124932
Na,6,2,2.5,7,1,1.5,74.9586,0.0374793
Na,7,1,1.5,7,2,1.5,16.0083,0.008079
Na,7,1,1.5,7,2,2.5,48.0249,0.0240124
Na,7,1,1.5,8,2,1.5,4.96964,0.0024848
Na,7,1,1.5,8,2,2.5,14.9089,0.0074545
Na,7,1,1.5,9,2,1.5,2.67277,0.0013364
Na,7,1,1.5,9,2,2.5,8.0183,0.0040092
Na,7,1,1.5,10,2,1.5,1.76018,0.0008801
Na,7,1,1.5,10,2,2.5,5.28051,0.0026403
Na,7,1,1.5,11,2,1.5,1.28676,0.0006434
Na,7,1,1.5,11,2,2.5,3.86024,0.0019301
Na,4,3,2.5,7,2,1.5,0.513207,0.0005468
Na,5,3,2.5,7,2,1.5,2.09304,0.0018227
Na,6,3,2.5,7,2,1.5,10.4749,0.010799
Na,7,2,1.5,7,3,2.5,103.095,0.0515475
Na,7,2,1.5,8,3,2.5,44.1253,0.0220627
Na,7,2,1.5,9,3,2.5,17.3279,0.008664
Na,7,2,1.5,10,3,2.5,10.0743,0.0050371
Na,7,2,1.5,11,3,2.5,6.89711,0.0034486
Na,4,3,2.5,7,2,2.5,0.13716,0.0001352
Na,4,3,3.5,7,2,2.5,0.613398,0.000595
Na,5,3,2.5,7,2,2.5,0.55939,0.0004462
Na,5,3,3.5,7,2,2.5,2.50166,0.0019616
Na,6,3,2.5,7,2,2.5,2.79953,0.0026667
Na,6,3,3.5,7,2,2.5,12.5199,0.011752
Na,7,2,2.5,7,3,2.5,27.5533,0.0137767
Na,7,2,2.5,7,3,3.5,123.222,0.0616111
Na,7,2,2.5,8,3,2.5,11.793,0.0058965
Na,7,2,2.5,8,3,3.5,52.7398,0.0263699
Na,7,2,2.5,9,3,2.5,4.63108,0.0023155
Na,7,2,2.5,9,3,3.5,20.7109,0.0103554
Na,7,2,2.5,10,3,2.5,2.69245,0.0013462
Na,7,2,2.5,10,3,3.5,12.041,0.0060205
Na,7,2,2.5,11,3,2.5,1.84333,0.0009217
Na,7,2,2.5,11,3,3.5,8.24361,0.0041218
Na,3,1,0.5,8,0,0.5,0.186133,9.31e-05
Na,3,1,1.5,8,0,0.5,0.263106,0.0001316
Na,4,1,0.5,8,0,0.5,0.51035,0.0002552
Na,4,1,1.5,8,0,0.5,0.720913,0.0003605
Na,5,1,0.5,8,0,0.5,1.29194,0.000646
Na,5,1,1.5,8,0,0.5,1.82458,0.0009123
Na,6,1,0.5,8,0,0.5,3.97185,0.0019859
Na,6,1,1.5,8,0,0.5,5.61078,0.0028054
Na,7,1,0.5,8,0,0.5,33.4808,0.0167404
Na,7,1,1.5,8,0,0.5,47.411,0.0237055
Na,8,0,0.5,8,1,0.5,45.7477,0.0228738
Na,8,0,0.5,8,1,1.5,64.6458,0.0323229
Na,8,0,0.5,9,1,0.5,5.82863,0.0030375
Na,8,0,0.5,9,1,1.5,8.26928,0.004385
Na,8,0,0.5,10,1,0.5,2.43181,0.0019209
Na,8,0,0.5,10,1,1.5,3.45431,0.0026998
Na,8,0,0.5,11,1,0.5,1.41163,0.0012978
Na,8,0,0.5,11,1,1.5,2.00662,0.0018944
Na,3,2,1.5,8,1,0.5,0.0195054,0.0003177
Na,4,2,1.5,8,1,0.5,0.1345,0.0009434
Na,5,2,1.5,8,1,0.5,0.5335,0.0025827
Na,6,2,1.5,8,1,0.5,2.18182,0.0095117
Na,7,2,1.5,8,1,0.5,77.536,0.038768
Na,8,1,0.5,8,2,1.5,46.2323,0.026504
Na,8,1,0.5,9,2,1.5,14.2862,0.0071431
Na,8,1,0.5,10,2,1.5,7.6531,0.0038266
Na,8,1,0.5,11,2,1.5,5.02506,0.0025125
Na,3,2,1.5,8,1,1.5,0.0082616,0.0001443
Na,3,2,2.5,8,1,1.5,0.0247756,0.0004327
Na,4,2,1.5,8,1,1.5,0.0587544,0.0004285
Na,4,2,2.5,8,1,1.5,0.17621,0.001286
Na,5,2,1.5,8,1,1.5,0.234619,0.0011737
Na,5,2,2.5,8,1,1.5,0.703686,0.0035128
Na,6,2,1.5,8,1,1.5,0.960519,0.0043206
Na,6,2,2.5,8,1,1.5,2.88082,0.012956
Na,7,2,1.5,8,1,1.5,34.6621,0.017331
Na,7,2,2.5,8,1,1.5,103.986,0.0519931
Na,8,1,1.5,8,2,1.5,20.7166,0.01206
Na,8,1,1.5,8,2,2.5,62.1498,0.034317
Na,8,1,1.5,9,2,1.5,6.39297,0.0031965
Na,8,1,1.5,9,2,2.5,19.1789,0.0095895
Na,8,1,1.5,10,2,1.5,3.42312,0.0017116
Na,8,1,1.5,10,2,2.5,10.2694,0.0051347
Na,8,1,1.5,11,2,1.5,2.24708,0.0011235
Na,8,1,1.5,11,2,2.5,6.74122,0.0033706
Na,4,3,2.5,8,2,1.5,0.337654,0.0003686
Na,5,3,2.5,8,2,1.5,1.137,0.0009923
Na,6,3,2.5,8,2,1.5,3.60001,0.003297
Na,7,3,2.5,8,2,1.5,15.8785,0.013149
Na,8,2,1.5,8,3,2.5,138.122,0.0690608
Na,8,2,1.5,9,3,2.5,53.6876,0.0268438
Na,8,2,1.5,10,3,2.5,21.0172,0.0105086
Na,8,2,1.5,11,3,2.5,12.1995,0.0060998
Na,4,3,2.5,8,2,2.5,0.0902418,9.11e-05
Na,4,3,3.5,8,2,2.5,0.403572,0.0004011
Na,5,3,2.5,8,2,2.5,0.303875,0.0002429
Na,5,3,3.5,8,2,2.5,1.35897,0.0010682
Na,6,3,2.5,8,2,2.5,0.962144,0.0008139
Na,6,3,3.5,8,2,2.5,4.30283,0.0035874
Na,7,3,2.5,8,2,2.5,4.24372,0.0031851
Na,7,3,3.5,8,2,2.5,18.9785,0.013992
Na,8,2,2.5,8,3,2.5,36.9146,0.0184573
Na,8,2,2.5,8,3,3.5,165.087,0.0825435
Na,8,2,2.5,9,3,2.5,14.3486,0.0071743
Na,8,2,2.5,9,3,3.5,64.169,0.0320845
Na,8,2,2.5,10,3,2.5,5.61708,0.0028085
Na,8,2,2.5,10,3,3.5,25.1204,0.0125602
Na,8,2,2.5,11,3,2.5,3.26046,0.0016302
Na,8,2,2.5,11,3,3.5,14.5812,0.0072906
Na,3,1,0.5,9,0,0.5,0.144326,7.22e-05
Na,3,1,1.5,9,0,0.5,0.204004,0.000102
Na,4,1,0.5,9,0,0.5,0.369755,0.0001849
Na,4,1,1.5,9,0,0.5,0.522271,0.0002611
Na,5,1,0.5,9,0,0.5,0.821756,0.0004109
Na,5,1,1.5,9,0,0.5,1.16036,0.0005802
Na,6,1,0.5,9,0,0.5,1.8906,0.0009453
Na,6,1,1.5,9,0,0.5,2.66949,0.0013347
Na,7,1,0.5,9,0,0.5,5.52466,0.0027623
Na,7,1,1.5,9,0,0.5,7.80346,0.0039017
Na,8,1,0.5,9,0,0.5,45.4165,0.0227083
Na,8,1,1.5,9,0,0.5,64.3126,0.0321563
Na,9,0,0.5,9,1,0.5,59.6446,0.0298223
Na,9,0,0.5,9,1,1.5,84.2809,0.0421404
Na,9,0,0.5,10,1,0.5,7.63066,0.0040666
Na,9,0,0.5,10,1,1.5,10.8243,0.005709
Na,9,0,0.5,11,1,0.5,3.18145,0.0022972
Na,9,0,0.5,11,1,1.5,4.51842,0.0033569
Na,3,2,1.5,9,1,0.5,0.0133094,0.0002322
Na,4,2,1.5,9,1,0.5,0.0884606,0.0006293
Na,5,2,1.5,9,1,0.5,0.305973,0.0014471
Na,6,2,1.5,9,1,0.5,0.943504,0.0035296
Na,7,2,1.5,9,1,0.5,3.37616,0.0147123
Na,8,2,1.5,9,1,0.5,102.536,0.0512681
Na,9,1,0.5,9,2,1.5,58.0615,0.046297
Na,9,1,0.5,10,2,1.5,17.8284,0.0089142
Na,9,1,0.5,11,2,1.5,9.51024,0.0047551
Na,3,2,1.5,9,1,1.5,0.0056041,0.0001052
Na,3,2,2.5,9,1,1.5,0.0168056,0.0003154
Na,4,2,1.5,9,1,1.5,0.0385983,0.0002852
Na,4,2,2.5,9,1,1.5,0.115758,0.0008558
Na,5,2,1.5,9,1,1.5,0.13453,0.0006561
Na,5,2,2.5,9,1,1.5,0.403491,0.0019634
Na,6,2,1.5,9,1,1.5,0.416051,0.0016008
Na,6,2,2.5,9,1,1.5,1.24787,0.0048003
Na,7,2,1.5,9,1,1.5,1.48855,0.0066519
Na,7,2,2.5,9,1,1.5,4.46567,0.0188675
Na,8,2,1.5,9,1,1.5,45.8386,0.0229193
Na,8,2,2.5,9,1,1.5,137.516,0.0687579
Na,9,1,1.5,9,2,1.5,26.0182,0.020918
Na,9,1,1.5,9,2,2.5,78.0547,0.0603
Na,9,1,1.5,10,2,1.5,7.97858,0.0039893
Na,9,1,1.5,10,2,2.5,23.9359,0.011968
Na,9,1,1.5,11,2,1.5,4.25408,0.002127
Na,9,1,1.5,11,2,2.5,12.7623,0.0063811
Na,4,3,2.5,9,2,1.5,0.246313,0.0004171
Na,5,3,2.5,9,2,1.5,0.747714,0.0010469
Na,6,3,2.5,9,2,1.5,1.95554,0.0026938
Na,7,3,2.5,9,2,1.5,5.47194,0.006494
Na,8,3,2.5,9,2,1.5,22.353,0.028348
Na,9,2,1.5,9,3,2.5,177.747,0.0888734
Na,9,2,1.5,10,3,2.5,64.1419,0.073509
Na,9,2,1.5,11,3,2.5,25.0249,0.015596
Na,4,3,2.5,9,2,2.5,0.0658299,0.000106
Na,4,3,3.5,9,2,2.5,0.294399,0.0004693
Na,5,3,2.5,9,2,2.5,0.199835,0.000265
Na,5,3,3.5,9,2,2.5,0.893688,0.0011734
Na,6,3,2.5,9,2,2.5,0.522641,0.0006841
Na,6,3,3.5,9,2,2.5,2.33732,0.0030321
Na,7,3,2.5,9,2,2.5,1.46244,0.0016375
Na,7,3,3.5,9,2,2.5,6.54022,0.007249
Na,8,3,2.5,9,2,2.5,5.97408,0.0071209
Na,8,3,3.5,9,2,2.5,26.7169,0.031513
Na,9,2,2.5,9,3,2.5,47.5048,0.0237524
Na,9,2,2.5,9,3,3.5,212.448,0.106224
Na,9,2,2.5,10,3,2.5,17.1426,0.01881
Na,9,2,2.5,10,3,3.5,76.6642,0.083573
Na,9,2,2.5,11,3,2.5,6.68818,0.0039789
Na,9,2,2.5,11,3,3.5,29.9104,0.017676
Na,3,1,0.5,10,0,0.5,0.116601,5.83e-05
Na,3,1,1.5,10,0,0.5,0.164811,8.24e-05
Na,4,1,0.5,10,0,0.5,0.2864,0.0001432
Na,4,1,1.5,10,0,0.5,0.404516,0.0002023
Na,5,1,0.5,10,0,0.5,0.591456,0.0002957
Na,5,1,1.5,10,0,0.5,0.835091,0.0004175
Na,6,1,0.5,10,0,0.5,1.18894,0.0005945
Na,6,1,1.5,10,0,0.5,1.67845,0.0008392
Na,7,1,0.5,10,0,0.5,2.58758,0.0012938
Na,7,1,1.5,10,0,0.5,3.65313,0.0018266
Na,8,1,0.5,10,0,0.5,7.31874,0.0036594
Na,7,1,1.5,11,0,0.5,2.27406,0.001137
Na,8,1,1.5,10,0,0.5,10.3362,0.0051681
Na,9,1,0.5,10,0,0.5,59.1379,0.0295689
Na,9,1,1.5,10,0,0.5,83.7403,0.0418702
Na,10,0,0.5,10,1,0.5,75.3647,0.0376824
Na,10,0,0.5,10,1,1.5,106.492,0.0532461
Na,10,0,0.5,11,1,0.5,9.66336,0.0048317
Na,10,0,0.5,11,1,1.5,13.7068,0.0068534
Na,3,2,1.5,10,1,0.5,0.0097642,0.0001988
Na,4,2,1.5,10,1,0.5,0.0639551,0.0005104
Na,5,2,1.5,10,1,0.5,0.204625,0.0010714
Na,6,2,1.5,10,1,0.5,0.546068,0.002199
Na,7,2,1.5,10,1,0.5,1.46936,0.0060026
Na,8,2,1.5,10,1,0.5,4.83749,0.0214067
Na,9,2,1.5,10,1,0.5,130.885,0.0654425
Na,10,1,0.5,10,2,1.5,71.1703,0.0355851
Na,10,1,0.5,11,2,1.5,21.7464,0.0108732
Na,3,2,1.5,10,1,1.5,0.0040915,8.86e-05
Na,3,2,2.5,10,1,1.5,0.0122691,0.0002658
Na,4,2,1.5,10,1,1.5,0.0278811,0.0002276
Na,4,2,2.5,10,1,1.5,0.0836161,0.0006831
Na,5,2,1.5,10,1,1.5,0.0899394,0.0004778
Na,5,2,2.5,10,1,1.5,0.269751,0.0014302
Na,6,2,1.5,10,1,1.5,0.240832,0.0009805
Na,6,2,2.5,10,1,1.5,0.72233,0.0029403
Na,7,2,1.5,10,1,1.5,0.648995,0.0026766
Na,7,2,2.5,10,1,1.5,1.94699,0.0076143
Na,8,2,1.5,10,1,1.5,2.13513,0.0095363
Na,8,2,2.5,10,1,1.5,6.40541,0.027119
Na,9,2,1.5,10,1,1.5,58.5123,0.0292562
Na,9,2,2.5,10,1,1.5,175.537,0.0877685
Na,10,1,1.5,10,2,1.5,31.8932,0.0159466
Na,10,1,1.5,10,2,2.5,95.6825,0.0478413
Na,10,1,1.5,11,2,1.5,9.73239,0.0048662
Na,10,1,1.5,11,2,2.5,29.1974,0.0145987
Na,4,3,2.5,10,2,1.5,0.191018,0.0001218
Na,5,3,2.5,10,2,1.5,0.543976,0.000272
Na,6,3,2.5,10,2,1.5,1.28203,0.0006437
Na,7,3,2.5,10,2,1.5,2.96496,0.0014825
Na,8,3,2.5,10,2,1.5,7.69972,0.0038499
Na,9,3,2.5,10,2,1.5,29.8428,0.0149214
Na,10,2,1.5,10,3,2.5,222,0.111
Na,10,2,1.5,11,3,2.5,75.6529,0.0378265
Na,4,3,2.5,10,2,2.5,0.0510559,3.23e-05
Na,4,3,3.5,10,2,2.5,0.228328,0.000141
Na,5,3,2.5,10,2,2.5,0.145394,7.27e-05
Na,5,3,3.5,10,2,2.5,0.650221,0.0003251
Na,6,3,2.5,10,2,2.5,0.342659,0.0001713
Na,6,3,3.5,10,2,2.5,1.53241,0.0007662
Na,7,3,2.5,10,2,2.5,0.792467,0.0003962
Na,7,3,3.5,10,2,2.5,3.54402,0.001772
Na,8,3,2.5,10,2,2.5,2.05797,0.001029
Na,8,3,3.5,10,2,2.5,9.2035,0.0046017
Na,9,3,2.5,10,2,2.5,7.97639,0.0039882
Na,9,3,3.5,10,2,2.5,35.6715,0.0178358
Na,10,2,2.5,10,3,2.5,59.3321,0.0296661
Na,10,2,2.5,10,3,3.5,265.341,0.132671
Na,10,2,2.5,11,3,2.5,20.2181,0.0101091
Na,10,2,2.5,11,3,3.5,90.4182,0.0452091
Na,3,1,0.5,11,0,0.5,0.0969765,4.85e-05
Na,3,1,1.5,11,0,0.5,0.137071,6.85e-05
Na,4,1,0.5,11,0,0.5,0.231575,0.0001158
Na,4,1,1.5,11,0,0.5,0.327072,0.0001635
Na,5,1,0.5,11,0,0.5,0.456596,0.0002283
Na,5,1,1.5,11,0,0.5,0.644647,0.0003223
Na,6,1,0.5,11,0,0.5,0.849899,0.0004249
Na,6,1,1.5,11,0,0.5,1.19971,0.0005999
Na,7,1,0.5,11,0,0.5,1.61107,0.0008055
Na,8,1,0.5,11,0,0.5,3.38262,0.0016913
Na,8,1,1.5,11,0,0.5,4.77477,0.0023874
Na,9,1,0.5,11,0,0.5,9.3532,0.0046766
Na,9,1,1.5,11,0,0.5,13.2085,0.0066043
Na,10,1,0.5,11,0,0.5,74.6531,0.0373265
Na,10,1,1.5,11,0,0.5,105.707,0.0528536
Na,11,0,0.5,11,1,0.5,92.9051,0.0464526
Na,11,0,0.5,11,1,1.5,131.274,0.0656369
Na,3,2,1.5,11,1,0.5,0.0075547,0.0001658
Na,4,2,1.5,11,1,0.5,0.0492046,0.0004105
Na,5,2,1.5,11,1,0.5,0.149877,0.0008133
Na,6,2,1.5,11,1,0.5,0.367578,0.001517
Na,7,2,1.5,11,1,0.5,0.854201,0.0034601
Na,8,2,1.5,11,1,0.5,2.11304,0.0081562
Na,9,2,1.5,11,1,0.5,6.55814,0.0382376
Na,10,2,1.5,11,1,0.5,162.621,0.0813106
Na,11,1,0.5,11,2,1.5,85.6888,0.109984
Na,3,2,1.5,11,1,1.5,0.0031506,7.55e-05
Na,3,2,2.5,11,1,1.5,0.0094473,0.0002264
Na,4,2,1.5,11,1,1.5,0.0214294,0.000187
Na,4,2,2.5,11,1,1.5,0.0642665,0.0005612
Na,5,2,1.5,11,1,1.5,0.065842,0.0003709
Na,5,2,2.5,11,1,1.5,0.197475,0.0011103
Na,6,2,1.5,11,1,1.5,0.162072,0.0006924
Na,6,2,2.5,11,1,1.5,0.486104,0.0020765
Na,7,2,1.5,11,1,1.5,0.377343,0.0015754
Na,7,2,2.5,11,1,1.5,1.13203,0.0044896
Na,8,2,1.5,11,1,1.5,0.934193,0.0037109
Na,8,2,2.5,11,1,1.5,2.80258,0.0105695
Na,9,2,1.5,11,1,1.5,2.89637,0.0172905
Na,9,2,2.5,11,1,1.5,8.68914,0.0499332
Na,10,2,1.5,11,1,1.5,72.7003,0.0363502
Na,10,2,2.5,11,1,1.5,218.099,0.109049
Na,11,1,1.5,11,2,1.5,38.4008,0.049684
Na,11,1,1.5,11,2,2.5,115.206,0.14843
Na,4,3,2.5,11,2,1.5,0.154999,0.0004182
Na,5,3,2.5,11,2,1.5,0.422773,0.0009656
Na,6,3,2.5,11,2,1.5,0.933658,0.002022
Na,7,3,2.5,11,2,1.5,1.94498,0.0036496
Na,8,3,2.5,11,2,1.5,4.1764,0.0072731
Na,9,3,2.5,11,2,1.5,10.3095,0.015088
Na,10,3,2.5,11,2,1.5,38.5314,0.101175
Na,11,2,1.5,11,3,2.5,270.852,0.135426
Na,4,3,2.5,11,2,2.5,0.0414283,0.0001112
Na,4,3,3.5,11,2,2.5,0.185272,0.0004944
Na,5,3,2.5,11,2,2.5,0.112998,0.0002567
Na,5,3,3.5,11,2,2.5,0.505342,0.0011414
Na,6,3,2.5,11,2,2.5,0.249545,0.0005377
Na,6,3,3.5,11,2,2.5,1.116,0.0023915
Na,7,3,2.5,11,2,2.5,0.519846,0.00097
Na,7,3,3.5,11,2,2.5,2.32482,0.0043131
Na,8,3,2.5,11,2,2.5,1.11625,0.0019327
Na,8,3,3.5,11,2,2.5,4.99202,0.0085933
Na,9,3,2.5,11,2,2.5,2.75549,0.0040046
Na,9,3,3.5,11,2,2.5,12.3229,0.017783
Na,10,3,2.5,11,2,2.5,10.2986,0.026918
Na,10,3,3.5,11,2,2.5,46.0567,0.11983
Na,11,2,2.5,11,3,2.5,72.3883,0.0361941
Na,11,2,2.5,11,3,3.5,323.73,0.161865
K,4,0,0.5,4,1,0.5,4.106,0.002
K,4,0,0.5,4,1,1.5,5.807,0.003
K,4,0,0.5,5,1,0.5,0.27583,0.0108746
K,4,0,0.5,5,1,1.5,0.405932,0.0150522
K,4,0,0.5,6,1,0.5,0.0839268,0.0059994
K,4,0,0.5,6,1,1.5,0.127649,0.0082873
K,4,0,0.5,7,1,0.5,0.0391797,0.0042106
K,4,0,0.5,7,1,1.5,0.061411,0.0058212
K,4,0,0.5,8,1,0.5,0.0226023,0.0032053
K,4,0,0.5,8,1,1.5,0.0363773,0.0044349
K,4,0,0.5,9,1,0.5,0.0148029,0.002554
K,4,0,0.5,9,1,1.5,0.0243687,0.003536
K,4,0,0.5,10,1,0.5,0.0105428,0.0020995
K,4,0,0.5,10,1,1.5,0.0176877,0.0029081
K,4,0,0.5,11,1,0.5,0.0079638,0.0017663
K,4,0,0.5,11,1,1.5,0.0135731,0.0024476
K,4,0,0.5,12,1,0.5,0.0062805,0.0015132
K,4,0,0.5,12,1,1.5,0.010845,0.0020974
K,3,2,1.5,4,1,0.5,7.94878,0.0076058
K,4,1,0.5,4,2,1.5,0.0951592,0.0872394
K,4,1,0.5,5,2,1.5,0.33638,0.0627753
K,4,1,0.5,6,2,1.5,0.340671,0.0442784
K,4,1,0.5,7,2,1.5,0.2965,0.0327527
K,4,1,0.5,8,2,1.5,0.252725,0.0253174
K,4,1,0.5,9,2,1.5,0.216242,0.0202771
K,4,1,0.5,10,2,1.5,0.186797,0.0167013
K,4,1,0.5,11,2,1.5,0.163049,0.0140594
K,3,2,1.5,4,1,1.5,3.56498,0.0031365
K,3,2,2.5,4,1,1.5,10.6949,0.009248
K,4,1,1.5,4,2,1.5,0.0324839,0.0257348
K,4,1,1.5,4,2,2.5,0.0943945,0.070828
K,4,1,1.5,5,2,1.5,0.15648,0.0281571
K,4,1,1.5,5,2,2.5,0.471041,0.0844329
K,4,1,1.5,6,2,1.5,0.15638,0.0198365
K,4,1,1.5,6,2,2.5,0.470103,0.0594017
K,4,1,1.5,7,2,1.5,0.135526,0.014663
K,4,1,1.5,7,2,2.5,0.407229,0.0438712
K,4,1,1.5,8,2,1.5,0.115279,0.0113294
K,4,1,1.5,8,2,2.5,0.346313,0.0338788
K,4,1,1.5,9,2,1.5,0.098519,0.0090713
K,4,1,1.5,9,2,2.5,0.295923,0.0271194
K,4,1,1.5,10,2,1.5,0.0850387,0.0074701
K,4,1,1.5,10,2,2.5,0.255409,0.0223269
K,4,1,1.5,11,2,1.5,0.074188,0.0062875
K,4,1,1.5,11,2,2.5,0.222804,0.0187915
K,3,2,1.5,4,3,2.5,12.2547,0.188905
K,3,2,1.5,5,3,2.5,4.89688,0.0104974
K,3,2,1.5,6,3,2.5,2.88219,0.0178426
K,3,2,1.5,7,3,2.5,1.98855,0.0134738
K,3,2,1.5,8,3,2.5,1.49378,0.0122677
K,3,2,1.5,9,3,2.5,1.1827,0.0109259
K,3,2,1.5,10,3,2.5,0.970438,0.0097325
K,3,2,1.5,11,3,2.5,0.81725,0.0085946
K,3,2,2.5,4,3,2.5,3.2737,0.0505967
K,3,2,2.5,4,3,3.5,14.6405,0.22629
K,3,2,2.5,5,3,2.5,1.3086,0.0027844
K,3,2,2.5,5,3,3.5,5.85227,0.0124526
K,3,2,2.5,6,3,2.5,0.770347,0.004738
K,3,2,2.5,6,3,3.5,3.44512,0.0211913
K,3,2,2.5,7,3,2.5,0.531512,0.0035882
K,3,2,2.5,7,3,3.5,2.37701,0.0160476
K,3,2,2.5,8,3,2.5,0.399283,0.0032701
K,3,2,2.5,8,3,3.5,1.78566,0.0146245
K,3,2,2.5,9,3,2.5,0.31614,0.0029138
K,3,2,2.5,9,3,3.5,1.41383,0.0130309
K,3,2,2.5,10,3,2.5,0.259408,0.0025963
K,3,2,2.5,10,3,3.5,1.16012,0.0116107
K,3,2,2.5,11,3,2.5,0.218462,0.0022932
K,3,2,2.5,11,3,3.5,0.976999,0.0102549
K,4,1,0.5,5,0,0.5,3.88561,0.0071707
K,4,1,1.5,5,0,0.5,5.53544,0.0104451
K,5,0,0.5,5,1,0.5,9.48752,0.0256592
K,5,0,0.5,5,1,1.5,13.3968,0.036598
K,5,0,0.5,6,1,0.5,0.892803,0.0121805
K,5,0,0.5,6,1,1.5,1.29194,0.0171022
K,5,0,0.5,7,1,0.5,0.335077,0.0043799
K,5,0,0.5,7,1,1.5,0.490575,0.0066098
K,5,0,0.5,8,1,0.5,0.183735,0.0026836
K,5,0,0.5,8,1,1.5,0.271077,0.003804
K,5,0,0.5,9,1,0.5,0.120112,0.0017854
K,5,0,0.5,9,1,1.5,0.178166,0.0026077
K,5,0,0.5,10,1,0.5,0.0867351,0.0014325
K,5,0,0.5,10,1,1.5,0.12916,0.0020807
K,5,0,0.5,11,1,0.5,0.0667098,0.0011804
K,5,0,0.5,11,1,1.5,0.0996286,0.0017154
K,5,0,0.5,12,1,0.5,0.0535659,0.0010124
K,5,0,0.5,12,1,1.5,0.0801755,0.0014405
K,3,2,1.5,5,1,0.5,7.16901,0.167803
K,4,2,1.5,5,1,0.5,17.0229,0.081832
K,5,1,0.5,5,2,1.5,0.870072,0.142767
K,5,1,0.5,6,2,1.5,0.0834541,0.0983319
K,5,1,0.5,7,2,1.5,0.228689,0.0693083
K,5,1,0.5,8,2,1.5,0.240943,0.0517155
K,5,1,0.5,9,2,1.5,0.224247,0.0404037
K,5,1,0.5,10,2,1.5,0.202177,0.0326901
K,5,1,0.5,11,2,1.5,0.180939,0.027158
K,3,2,1.5,5,1,1.5,3.19378,0.0749682
K,3,2,2.5,5,1,1.5,9.57506,0.22534
K,4,2,1.5,5,1,1.5,7.63539,0.0357362
K,4,2,2.5,5,1,1.5,22.9089,0.107105
K,5,1,1.5,5,2,1.5,0.370574,0.0643497
K,5,1,1.5,5,2,2.5,1.10726,0.193416
K,5,1,1.5,6,2,1.5,0.0481299,0.0441716
K,5,1,1.5,6,2,2.5,0.146764,0.132455
K,5,1,1.5,7,2,1.5,0.109486,0.0310884
K,5,1,1.5,7,2,2.5,0.329946,0.0931147
K,5,1,1.5,8,2,1.5,0.11303,0.0231783
K,5,1,1.5,8,2,2.5,0.340128,0.0693762
K,5,1,1.5,9,2,1.5,0.104382,0.0180992
K,5,1,1.5,9,2,2.5,0.31392,0.0541569
K,5,1,1.5,10,2,1.5,0.0937278,0.0146387
K,5,1,1.5,10,2,2.5,0.28179,0.0437901
K,5,1,1.5,11,2,1.5,0.0836757,0.0121584
K,5,1,1.5,11,2,2.5,0.251515,0.0363685
K,4,2,1.5,4,3,2.5,25.378,0.043587
K,4,2,1.5,5,3,2.5,12.9111,0.614173
K,4,2,1.5,6,3,2.5,6.20728,0.122251
K,4,2,1.5,7,3,2.5,3.90806,0.0409494
K,4,2,1.5,8,3,2.5,2.79135,0.01668
K,4,2,1.5,9,3,2.5,2.14237,0.0111298
K,4,2,1.5,10,3,2.5,1.72188,0.0095209
K,4,2,1.5,11,3,2.5,1.42893,0.0082118
K,4,2,2.5,4,3,2.5,6.78273,0.0116063
K,4,2,2.5,4,3,3.5,30.3333,0.051874
K,4,2,2.5,5,3,2.5,3.44752,0.163941
K,4,2,2.5,5,3,3.5,15.4178,0.733194
K,4,2,2.5,6,3,2.5,1.65818,0.0327314
K,4,2,2.5,6,3,3.5,7.41561,0.146382
K,4,2,2.5,7,3,2.5,1.04414,0.0110025
K,4,2,2.5,7,3,3.5,4.66955,0.0492048
K,4,2,2.5,8,3,2.5,0.745843,0.0045055
K,4,2,2.5,8,3,3.5,3.33552,0.0201486
K,4,2,2.5,9,3,2.5,0.572464,0.002951
K,4,2,2.5,9,3,3.5,2.56015,0.0131973
K,4,2,2.5,10,3,2.5,0.460119,0.0025248
K,4,2,2.5,10,3,3.5,2.05772,0.0112915
K,4,2,2.5,11,3,2.5,0.381846,0.0021779
K,4,2,2.5,11,3,3.5,1.70767,0.00974
K,4,1,0.5,6,0,0.5,0.903467,0.0037031
K,4,1,1.5,6,0,0.5,1.27885,0.005322
K,5,1,0.5,6,0,0.5,8.78513,0.0133086
K,5,1,1.5,6,0,0.5,12.502,0.019509
K,6,0,0.5,6,1,0.5,16.6144,0.040865
K,6,0,0.5,6,1,1.5,23.4476,0.05856
K,6,0,0.5,7,1,0.5,1.70444,0.0127513
K,6,0,0.5,7,1,1.5,2.45617,0.0178866
K,6,0,0.5,8,1,0.5,0.667108,0.0069661
K,6,0,0.5,8,1,1.5,0.969426,0.0098344
K,6,0,0.5,9,1,0.5,0.372669,0.003294
K,6,0,0.5,9,1,1.5,0.544441,0.0048213
K,6,0,0.5,10,1,0.5,0.24727,0.0025761
K,6,0,0.5,10,1,1.5,0.362496,0.0037169
K,6,0,0.5,11,1,0.5,0.180437,0.0020679
K,6,0,0.5,11,1,1.5,0.265206,0.0029851
K,6,0,0.5,12,1,0.5,0.139899,0.0017323
K,6,0,0.5,12,1,1.5,0.205979,0.0024613
K,3,2,1.5,6,1,0.5,1.01058,0.029838
K,4,2,1.5,6,1,0.5,14.5356,0.492325
K,5,2,1.5,6,1,0.5,28.9976,0.190223
K,6,1,0.5,6,2,1.5,1.85664,0.193756
K,6,1,0.5,7,2,1.5,0.264385,0.133872
K,6,1,0.5,8,2,1.5,0.0539952,0.094705
K,6,1,0.5,9,2,1.5,0.138193,0.0711077
K,6,1,0.5,10,2,1.5,0.158092,0.0559246
K,6,1,0.5,11,2,1.5,0.157022,0.0455119
K,3,2,1.5,6,1,1.5,0.454933,0.0130352
K,3,2,2.5,6,1,1.5,1.36509,0.038985
K,4,2,1.5,6,1,1.5,6.47253,0.220044
K,4,2,2.5,6,1,1.5,19.4061,0.659482
K,5,2,1.5,6,1,1.5,13.0069,0.083482
K,5,2,2.5,6,1,1.5,39.0261,0.250211
K,6,1,1.5,6,2,1.5,0.80171,0.0874204
K,6,1,1.5,6,2,2.5,2.39945,0.26279
K,6,1,1.5,7,2,1.5,0.101988,0.0601758
K,6,1,1.5,7,2,2.5,0.302841,0.18044
K,6,1,1.5,8,2,1.5,0.0349342,0.0425029
K,6,1,1.5,8,2,2.5,0.106807,0.127316
K,6,1,1.5,9,2,1.5,0.0696916,0.0318846
K,6,1,1.5,9,2,2.5,0.210488,0.095466
K,6,1,1.5,10,2,1.5,0.0768348,0.0250624
K,6,1,1.5,10,2,2.5,0.231576,0.075013
K,6,1,1.5,11,2,1.5,0.0751924,0.0203882
K,6,1,1.5,11,2,2.5,0.226419,0.0610169
K,4,3,2.5,5,2,1.5,7.38537,0.206973
K,5,2,1.5,5,3,2.5,47.0877,0.202455
K,5,2,1.5,6,3,2.5,13.6131,1.0178
K,5,2,1.5,7,3,2.5,7.06155,0.259999
K,5,2,1.5,8,3,2.5,4.59244,0.112463
K,5,2,1.5,9,3,2.5,3.34124,0.0619211
K,5,2,1.5,10,3,2.5,2.59601,0.0391686
K,5,2,1.5,11,3,2.5,2.1051,0.0268743
K,4,3,2.5,5,2,2.5,1.97528,0.055365
K,4,3,3.5,5,2,2.5,8.83369,0.247646
K,5,2,2.5,5,3,2.5,12.5843,0.053928
K,5,2,2.5,5,3,3.5,56.2787,0.24116
K,5,2,2.5,6,3,2.5,3.6338,0.271208
K,5,2,2.5,6,3,3.5,16.2509,1.2129
K,5,2,2.5,7,3,2.5,1.88593,0.0694318
K,5,2,2.5,7,3,3.5,8.43417,0.31051
K,5,2,2.5,8,3,2.5,1.22673,0.0300815
K,5,2,2.5,8,3,3.5,5.48611,0.134527
K,5,2,2.5,9,3,2.5,0.892592,0.0165862
K,5,2,2.5,9,3,3.5,3.9918,0.0741741
K,5,2,2.5,10,3,2.5,0.69355,0.0105052
K,5,2,2.5,10,3,3.5,3.10166,0.0469787
K,5,2,2.5,11,3,2.5,0.562419,0.0072164
K,5,2,2.5,11,3,3.5,2.51522,0.0322711
K,4,1,0.5,7,0,0.5,0.476259,0.0022558
K,4,1,1.5,7,0,0.5,0.673356,0.0032422
K,5,1,0.5,7,0,0.5,1.80152,0.0078777
K,5,1,1.5,7,0,0.5,2.5446,0.0113351
K,6,1,0.5,7,0,0.5,15.3894,0.024565
K,6,1,1.5,7,0,0.5,21.8895,0.036075
K,7,0,0.5,7,1,0.5,25.5982,0.059339
K,7,0,0.5,7,1,1.5,36.1151,0.085214
K,7,0,0.5,8,1,0.5,2.73309,0.0179103
K,7,0,0.5,8,1,1.5,3.9302,0.0251113
K,7,0,0.5,9,1,0.5,1.08169,0.010048
K,7,0,0.5,9,1,1.5,1.56659,0.0103738
K,7,0,0.5,10,1,0.5,0.611361,0.0053007
K,7,0,0.5,10,1,1.5,0.889086,0.0076303
K,7,0,0.5,11,1,0.5,0.407492,0.0040859
K,7,0,0.5,11,1,1.5,0.594315,0.0058835
K,7,0,0.5,12,1,0.5,0.29834,0.0033167
K,7,0,0.5,12,1,1.5,0.435957,0.0047089
K,3,2,1.5,7,1,0.5,0.488592,0.0171268
K,4,2,1.5,7,1,0.5,2.36591,0.091676
K,5,2,1.5,7,1,0.5,24.0361,0.844001
K,6,2,1.5,7,1,0.5,43.802,0.319376
K,7,1,0.5,7,2,1.5,3.08648,0.243754
K,7,1,0.5,8,2,1.5,0.708352,0.170689
K,7,1,0.5,9,2,1.5,0.177444,0.121302
K,7,1,0.5,10,2,1.5,0.0044217,0.0826213
K,7,1,0.5,11,2,1.5,0.0613804,0.0721973
K,3,2,1.5,7,1,1.5,0.22015,0.007418
K,3,2,2.5,7,1,1.5,0.660617,0.0221607
K,4,2,1.5,7,1,1.5,1.06285,0.0394
K,4,2,2.5,7,1,1.5,3.18964,0.117339
K,5,2,1.5,7,1,1.5,10.7006,0.377305
K,5,2,2.5,7,1,1.5,32.0849,1.12915
K,6,2,1.5,7,1,1.5,19.6478,0.140506
K,6,2,2.5,7,1,1.5,58.9514,0.42104
K,7,1,1.5,7,2,1.5,1.34002,0.110124
K,7,1,1.5,7,2,2.5,4.01315,0.331107
K,7,1,1.5,8,2,1.5,0.294358,0.0767965
K,7,1,1.5,8,2,2.5,0.879182,0.230295
K,7,1,1.5,9,2,1.5,0.0645685,0.0544839
K,7,1,1.5,9,2,2.5,0.191189,0.163245
K,7,1,1.5,10,2,1.5,0.0088093,0.0410438
K,7,1,1.5,10,2,2.5,0.0282349,0.122911
K,7,1,1.5,11,2,1.5,0.0358297,0.0323784
K,7,1,1.5,11,2,2.5,0.108857,0.096944
K,4,3,2.5,6,2,1.5,2.07294,0.0633041
K,5,3,2.5,6,2,1.5,15.9885,0.405196
K,6,2,1.5,6,3,2.5,72.2845,0.415606
K,6,2,1.5,7,3,2.5,14.47,1.41226
K,6,2,1.5,8,3,2.5,7.83065,0.39712
K,6,2,1.5,9,3,2.5,5.18535,0.185774
K,6,2,1.5,10,3,2.5,3.81274,0.109212
K,6,2,1.5,11,3,2.5,2.98346,0.0724777
K,4,3,2.5,6,2,2.5,0.554286,0.0168578
K,4,3,3.5,6,2,2.5,2.47884,0.075399
K,5,3,2.5,6,2,2.5,4.27566,0.108303
K,5,3,3.5,6,2,2.5,19.1213,0.484392
K,6,2,2.5,6,3,2.5,19.3176,0.11065
K,6,2,2.5,6,3,3.5,86.391,0.494839
K,6,2,2.5,7,3,2.5,3.86153,0.375949
K,6,2,2.5,7,3,3.5,17.2693,1.6813
K,6,2,2.5,8,3,2.5,2.09099,0.105915
K,6,2,2.5,8,3,3.5,9.35121,0.473663
K,6,2,2.5,9,3,2.5,1.38491,0.0496083
K,6,2,2.5,9,3,3.5,6.19352,0.221851
K,6,2,2.5,10,3,2.5,1.01842,0.0291913
K,6,2,2.5,10,3,3.5,4.55452,0.130543
K,6,2,2.5,11,3,2.5,0.796963,0.0193875
K,6,2,2.5,11,3,3.5,3.56413,0.0866997
K,4,1,0.5,8,0,0.5,0.314141,0.0015512
K,4,1,1.5,8,0,0.5,0.443948,0.0022295
K,5,1,0.5,8,0,0.5,0.9123,0.0045584
K,5,1,1.5,8,0,0.5,1.28683,0.0065558
K,6,1,0.5,8,0,0.5,2.95427,0.0129868
K,6,1,1.5,8,0,0.5,4.16821,0.018741
K,7,1,0.5,8,0,0.5,23.7117,0.039286
K,7,1,1.5,8,0,0.5,33.7168,0.057434
K,8,0,0.5,8,1,0.5,36.4575,0.079417
K,8,0,0.5,8,1,1.5,51.4259,0.113853
K,8,0,0.5,9,1,0.5,3.97461,0.0240315
K,8,0,0.5,9,1,1.5,5.70889,0.0336774
K,8,0,0.5,10,1,0.5,1.58359,0.0099026
K,8,0,0.5,10,1,1.5,2.2887,0.0142564
K,8,0,0.5,11,1,0.5,0.897278,0.0072704
K,8,0,0.5,11,1,1.5,1.30159,0.0104653
K,8,0,0.5,12,1,0.5,0.598803,0.0056566
K,8,0,0.5,12,1,1.5,0.870671,0.0080284
K,3,2,1.5,8,1,0.5,0.311292,0.0160441
K,4,2,1.5,8,1,0.5,1.14681,0.0448248
K,5,2,1.5,8,1,0.5,4.1114,0.14934
K,6,2,1.5,8,1,0.5,35.8124,1.22174
K,7,2,1.5,8,1,0.5,61.4053,0.467712
K,8,1,0.5,8,2,1.5,4.56813,0.293959
K,8,1,0.5,9,2,1.5,1.24879,0.209361
K,8,1,0.5,10,2,1.5,0.463444,0.149413
K,8,1,0.5,11,2,1.5,0.183882,0.112927
K,3,2,1.5,8,1,1.5,0.140293,0.006973
K,3,2,2.5,8,1,1.5,0.420986,0.0208374
K,4,2,1.5,8,1,1.5,0.515733,0.0196953
K,4,2,2.5,8,1,1.5,1.54786,0.0588245
K,5,2,1.5,8,1,1.5,1.84562,0.0653088
K,5,2,2.5,8,1,1.5,5.53889,0.194601
K,6,2,1.5,8,1,1.5,15.9419,0.54644
K,6,2,2.5,8,1,1.5,47.8028,1.63406
K,7,2,1.5,8,1,1.5,27.5441,0.206291
K,7,2,2.5,8,1,1.5,82.6434,0.618039
K,8,1,1.5,8,2,1.5,1.98944,0.133125
K,8,1,1.5,8,2,2.5,5.96013,0.400405
K,8,1,1.5,9,2,1.5,0.529173,0.0943584
K,8,1,1.5,9,2,2.5,1.58285,0.283036
K,8,1,1.5,10,2,1.5,0.188067,0.0672139
K,8,1,1.5,10,2,2.5,0.56113,0.201416
K,8,1,1.5,11,2,1.5,0.0682834,0.0507486
K,8,1,1.5,11,2,2.5,0.202653,0.152021
K,4,3,2.5,7,2,1.5,1.08027,0.0318431
K,5,3,2.5,7,2,1.5,4.34743,0.121741
K,6,3,2.5,7,2,1.5,26.9692,0.625374
K,7,2,1.5,7,3,2.5,101.439,0.66753
K,7,2,1.5,8,3,2.5,15.459,1.82586
K,7,2,1.5,9,3,2.5,8.60449,0.539466
K,7,2,1.5,10,3,2.5,5.76033,0.261555
K,7,2,1.5,11,3,2.5,4.26124,0.156875
K,4,3,2.5,7,2,2.5,0.288832,0.0084676
K,4,3,3.5,7,2,2.5,1.29169,0.0378723
K,5,3,2.5,7,2,2.5,1.16237,0.0323902
K,5,3,3.5,7,2,2.5,5.19828,0.144861
K,6,3,2.5,7,2,2.5,7.21149,0.16706
K,6,3,3.5,7,2,2.5,32.2508,0.747147
K,7,2,2.5,7,3,2.5,27.1085,0.177643
K,7,2,2.5,7,3,3.5,121.233,0.79445
K,7,2,2.5,8,3,2.5,4.12446,0.48573
K,7,2,2.5,8,3,3.5,18.4452,2.17224
K,7,2,2.5,9,3,2.5,2.2973,0.143763
K,7,2,2.5,9,3,3.5,10.2739,0.642916
K,7,2,2.5,10,3,2.5,1.5383,0.0697761
K,7,2,2.5,10,3,3.5,6.87951,0.312038
K,7,2,2.5,11,3,2.5,1.1381,0.041882
K,7,2,2.5,11,3,3.5,5.08976,0.187294
K,4,1,0.5,9,0,0.5,0.230089,0.0011639
K,4,1,1.5,9,0,0.5,0.32509,0.0016729
K,5,1,0.5,9,0,0.5,0.591768,0.0030826
K,5,1,1.5,9,0,0.5,0.83427,0.0044329
K,6,1,0.5,9,0,0.5,1.45608,0.0074038
K,6,1,1.5,9,0,0.5,2.05127,0.0106792
K,7,1,0.5,9,0,0.5,4.3625,0.0192051
K,7,1,1.5,9,0,0.5,6.15094,0.0277508
K,8,1,0.5,9,0,0.5,33.758,0.058957
K,8,1,1.5,9,0,0.5,47.9915,0.085096
K,9,0,0.5,9,1,0.5,49.1958,0.102662
K,9,0,0.5,9,1,1.5,69.3832,0.148113
K,9,0,0.5,10,1,0.5,5.43045,0.0311118
K,9,0,0.5,10,1,1.5,7.79317,0.0435922
K,9,0,0.5,11,1,0.5,2.17014,0.0132036
K,9,0,0.5,11,1,1.5,3.1323,0.0190031
K,9,0,0.5,12,1,0.5,1.23039,0.0097344
K,9,0,0.5,12,1,1.5,1.78163,0.0138077
K,3,2,1.5,9,1,0.5,0.22409,0.0117041
K,4,2,1.5,9,1,0.5,0.729256,0.0289916
K,5,2,1.5,9,1,0.5,1.98412,0.0814479
K,6,2,1.5,9,1,0.5,6.23804,0.227969
K,7,2,1.5,9,1,0.5,49.9077,1.63571
K,8,2,1.5,9,1,0.5,81.7935,0.636037
K,9,1,0.5,9,2,1.5,6.30493,0.346002
K,9,1,0.5,10,2,1.5,1.88619,0.250587
K,9,1,0.5,11,2,1.5,0.803103,0.179357
K,3,2,1.5,9,1,1.5,0.101006,0.0050891
K,3,2,2.5,9,1,1.5,0.303091,0.0152095
K,4,2,1.5,9,1,1.5,0.328073,0.0127534
K,4,2,2.5,9,1,1.5,0.98466,0.0381046
K,5,2,1.5,9,1,1.5,0.891727,0.035803
K,5,2,2.5,9,1,1.5,2.67638,0.106804
K,6,2,1.5,9,1,1.5,2.79952,0.0997445
K,6,2,2.5,9,1,1.5,8.40169,0.29703
K,7,2,1.5,9,1,1.5,22.2149,0.731214
K,7,2,2.5,9,1,1.5,66.615,2.18549
K,8,2,1.5,9,1,1.5,36.6906,0.280276
K,8,2,2.5,9,1,1.5,110.086,0.83959
K,9,1,1.5,9,2,1.5,2.75085,0.156546
K,9,1,1.5,9,2,2.5,8.24308,0.471135
K,9,1,1.5,10,2,1.5,0.806312,0.112849
K,9,1,1.5,10,2,2.5,2.41342,0.338558
K,9,1,1.5,11,2,1.5,0.334939,0.0806249
K,9,1,1.5,11,2,2.5,1.0012,0.241679
K,4,3,2.5,8,2,1.5,0.7007,0.0199904
K,5,3,2.5,8,2,1.5,2.24044,0.0604043
K,6,3,2.5,8,2,1.5,7.17786,0.187414
K,7,3,2.5,8,2,1.5,40.321,0.867056
K,8,2,1.5,8,3,2.5,134.71,0.95442
K,8,2,1.5,9,3,2.5,16.5547,2.27516
K,8,2,1.5,10,3,2.5,9.40716,0.69097
K,8,2,1.5,11,3,2.5,6.33967,0.339103
K,4,3,2.5,8,2,2.5,0.18734,0.0053118
K,4,3,3.5,8,2,2.5,0.837808,0.0237574
K,5,3,2.5,8,2,2.5,0.598993,0.0160513
K,5,3,3.5,8,2,2.5,2.67878,0.0717866
K,6,3,2.5,8,2,2.5,1.91906,0.0498326
K,6,3,3.5,8,2,2.5,8.58227,0.222862
K,7,3,2.5,8,2,2.5,10.7812,0.231546
K,7,3,3.5,8,2,2.5,48.2148,1.03551
K,8,2,2.5,8,3,2.5,35.9995,0.253915
K,8,2,2.5,8,3,3.5,160.995,1.13554
K,8,2,2.5,9,3,2.5,4.41579,0.605005
K,8,2,2.5,9,3,3.5,19.748,2.70563
K,8,2,2.5,10,3,2.5,2.5113,0.184045
K,8,2,2.5,10,3,3.5,11.2309,0.823051
K,8,2,2.5,11,3,2.5,1.69285,0.0904083
K,8,2,2.5,11,3,3.5,7.57067,0.404303
K,4,1,0.5,10,0,0.5,0.179111,0.0009208
K,4,1,1.5,10,0,0.5,0.253031,0.0013235
K,5,1,0.5,10,0,0.5,0.430392,0.0022885
K,5,1,1.5,10,0,0.5,0.606601,0.0032909
K,6,1,0.5,10,0,0.5,0.9316,0.0049501
K,6,1,1.5,10,0,0.5,1.31162,0.007139
K,7,1,0.5,10,0,0.5,2.10719,0.0108159
K,7,1,1.5,10,0,0.5,2.9662,0.0156154
K,8,1,0.5,10,0,0.5,6.02581,0.0265801
K,8,1,1.5,10,0,0.5,8.49234,0.0383342
K,9,1,0.5,10,0,0.5,45.5285,0.082256
K,9,1,1.5,10,0,0.5,64.717,0.119953
K,10,0,0.5,10,1,0.5,63.8146,0.129452
K,10,0,0.5,10,1,1.5,89.9918,0.186048
K,10,0,0.5,11,1,0.5,7.09962,0.0391461
K,10,0,0.5,11,1,1.5,10.1826,0.054838
K,10,0,0.5,12,1,0.5,2.84106,0.0171271
K,10,0,0.5,12,1,1.5,4.09648,0.0242719
K,3,2,1.5,10,1,0.5,0.179208,0.009067
K,4,2,1.5,10,1,0.5,0.524618,0.0209078
K,5,2,1.5,10,1,0.5,1.25565,0.0527438
K,6,2,1.5,10,1,0.5,2.99021,0.124275
K,7,2,1.5,10,1,0.5,8.74283,0.320297
K,8,2,1.5,10,1,0.5,66.336,2.08904
K,9,2,1.5,10,1,0.5,104.963,0.82297
K,10,1,0.5,10,2,1.5,8.29675,0.39926
K,10,1,0.5,11,2,1.5,2.61976,0.293776
K,3,2,1.5,10,1,1.5,0.0806797,0.0039477
K,3,2,2.5,10,1,1.5,0.242063,0.0117993
K,4,2,1.5,10,1,1.5,0.236043,0.0092095
K,4,2,2.5,10,1,1.5,0.708449,0.027521
K,5,2,1.5,10,1,1.5,0.564543,0.0232368
K,5,2,2.5,10,1,1.5,1.69443,0.0693449
K,6,2,1.5,10,1,1.5,1.34359,0.054695
K,6,2,2.5,10,1,1.5,4.03259,0.163062
K,7,2,1.5,10,1,1.5,3.92317,0.140289
K,7,2,2.5,10,1,1.5,11.7739,0.417627
K,8,2,1.5,10,1,1.5,29.5272,0.934389
K,8,2,2.5,10,1,1.5,88.5447,2.79187
K,9,2,1.5,10,1,1.5,47.0839,0.363395
K,9,2,2.5,10,1,1.5,141.269,1.08867
K,10,1,1.5,10,2,1.5,3.62521,0.181126
K,10,1,1.5,10,2,2.5,10.8647,0.545364
K,10,1,1.5,11,2,1.5,1.12596,0.132542
K,10,1,1.5,11,2,2.5,3.37151,0.397786
K,4,3,2.5,9,2,1.5,0.507619,0.0141081
K,5,3,2.5,9,2,1.5,1.44389,0.0377411
K,6,3,2.5,9,2,1.5,3.66751,0.0920573
K,7,3,2.5,9,2,1.5,10.5641,0.260629
K,8,3,2.5,9,2,1.5,56.0257,1.13726
K,9,2,1.5,9,3,2.5,172.17,1.2778
K,9,2,1.5,10,3,2.5,17.7352,2.76666
K,9,2,1.5,11,3,2.5,10.2401,0.849096
K,4,3,2.5,9,2,2.5,0.135715,0.0037473
K,4,3,3.5,9,2,2.5,0.606932,0.0167601
K,5,3,2.5,9,2,2.5,0.38602,0.0100234
K,5,3,3.5,9,2,2.5,1.72633,0.0448279
K,6,3,2.5,9,2,2.5,0.980491,0.0244516
K,6,3,3.5,9,2,2.5,4.38488,0.109353
K,7,3,2.5,9,2,2.5,2.82428,0.0692751
K,7,3,3.5,9,2,2.5,12.6306,0.309809
K,8,3,2.5,9,2,2.5,14.9797,0.303698
K,8,3,3.5,9,2,2.5,66.9912,1.35816
K,9,2,2.5,9,3,2.5,46.01,0.339908
K,9,2,2.5,9,3,3.5,205.763,1.52011
K,9,2,2.5,10,3,2.5,4.72973,0.735576
K,9,2,2.5,10,3,3.5,21.152,3.28953
K,9,2,2.5,11,3,2.5,2.73336,0.226109
K,9,2,2.5,11,3,3.5,12.224,1.01116
K,4,1,0.5,11,0,0.5,0.145124,0.0007551
K,4,1,1.5,11,0,0.5,0.205,0.0010854
K,5,1,0.5,11,0,0.5,0.334221,0.0018005
K,5,1,1.5,11,0,0.5,0.470981,0.002589
K,6,1,0.5,11,0,0.5,0.672624,0.0036499
K,6,1,1.5,11,0,0.5,0.946717,0.0052636
K,7,1,0.5,11,0,0.5,1.33271,0.0071682
K,7,1,1.5,11,0,0.5,1.87478,0.0103462
K,8,1,0.5,11,0,0.5,2.86501,0.0148377
K,8,1,1.5,11,0,0.5,4.03082,0.0213633
K,9,1,0.5,11,0,0.5,7.94401,0.0350173
K,9,1,1.5,11,0,0.5,11.1918,0.050744
K,10,1,0.5,11,0,0.5,59.0261,0.111012
K,10,1,1.5,11,0,0.5,83.8926,0.159937
K,11,0,0.5,11,1,0.5,80.3156,0.158755
K,11,0,0.5,11,1,1.5,113.252,0.22842
K,11,0,0.5,12,1,0.5,8.9826,0.048134
K,11,0,0.5,12,1,1.5,12.8768,0.067408
K,3,2,1.5,11,1,0.5,0.144424,0.0073234
K,4,2,1.5,11,1,0.5,0.404735,0.0161248
K,5,2,1.5,11,1,0.5,0.900513,0.0380519
K,6,2,1.5,11,1,0.5,1.88146,0.0802524
K,7,2,1.5,11,1,0.5,4.16098,0.173809
K,8,2,1.5,11,1,0.5,11.6236,0.42703
K,9,2,1.5,11,1,0.5,85.1053,2.58715
K,10,2,1.5,11,1,0.5,130.907,1.03113
K,11,1,0.5,11,2,1.5,10.545,0.473975
K,3,2,1.5,11,1,1.5,0.0650227,0.0031897
K,3,2,2.5,11,1,1.5,0.195087,0.009534
K,4,2,1.5,11,1,1.5,0.182119,0.0071058
K,4,2,2.5,11,1,1.5,0.546605,0.0212364
K,5,2,1.5,11,1,1.5,0.404946,0.0167783
K,5,2,2.5,11,1,1.5,1.21542,0.0500807
K,6,2,1.5,11,1,1.5,0.845763,0.0353841
K,6,2,2.5,11,1,1.5,2.53849,0.105533
K,7,2,1.5,11,1,1.5,1.86957,0.0765444
K,7,2,2.5,11,1,1.5,5.61124,0.228121
K,8,2,1.5,11,1,1.5,5.21574,0.187154
K,8,2,2.5,11,1,1.5,15.6532,0.557037
K,9,2,1.5,11,1,1.5,37.8813,1.15717
K,9,2,2.5,11,1,1.5,113.599,3.45716
K,10,2,1.5,11,1,1.5,58.7228,0.455451
K,10,2,2.5,11,1,1.5,176.19,1.36444
K,11,1,1.5,11,2,1.5,4.61228,0.212622
K,11,1,1.5,11,2,2.5,13.8246,0.632106
K,4,3,2.5,10,2,1.5,0.392774,0.0106918
K,5,3,2.5,10,2,1.5,1.04187,0.026606
K,6,3,2.5,10,2,1.5,2.35064,0.0572412
K,7,3,2.5,10,2,1.5,5.35996,0.126916
K,8,3,2.5,10,2,1.5,14.5012,0.342381
K,9,3,2.5,10,2,1.5,74.0666,1.44535
K,10,2,1.5,10,3,2.5,213.856,1.63965
K,10,2,1.5,11,3,2.5,18.971,3.28785
K,4,3,2.5,10,2,2.5,0.105009,0.002839
K,4,3,3.5,10,2,2.5,0.469611,0.0126978
K,5,3,2.5,10,2,2.5,0.278537,0.0070634
K,5,3,3.5,10,2,2.5,1.24565,0.0315897
K,6,3,2.5,10,2,2.5,0.628417,0.0151955
K,6,3,3.5,10,2,2.5,2.81036,0.0679572
K,7,3,2.5,10,2,2.5,1.43292,0.0336972
K,7,3,3.5,10,2,2.5,6.4082,0.150699
K,8,3,2.5,10,2,2.5,3.87679,0.0909756
K,8,3,3.5,10,2,2.5,17.3375,0.406853
K,9,3,2.5,10,2,2.5,19.8027,0.385935
K,9,3,3.5,10,2,2.5,88.5606,1.72589
K,10,2,2.5,10,3,2.5,57.1498,0.436114
K,10,2,2.5,10,3,3.5,255.581,1.95034
K,10,2,2.5,11,3,2.5,5.05823,0.873978
K,10,2,2.5,11,3,3.5,22.6211,3.90845
K,4,1,0.5,12,0,0.5,0.12098,0.0006356
K,4,1,1.5,12,0,0.5,0.170885,0.0009136
K,5,1,0.5,12,0,0.5,0.270776,0.0014726
K,5,1,1.5,12,0,0.5,0.381537,0.0021174
K,6,1,0.5,12,0,0.5,0.520352,0.0028596
K,6,1,1.5,12,0,0.5,0.732263,0.0041237
K,7,1,0.5,12,0,0.5,0.955574,0.0052537
K,7,1,1.5,12,0,0.5,1.3438,0.0075821
K,8,1,0.5,12,0,0.5,1.79437,0.0097622
K,8,1,1.5,12,0,0.5,2.52279,0.0140477
K,9,1,0.5,12,0,0.5,3.72923,0.0193996
K,9,1,1.5,12,0,0.5,5.24446,0.0280811
K,10,1,0.5,12,0,0.5,10.1167,0.044792
K,10,1,1.5,12,0,0.5,14.2493,0.064692
K,11,1,0.5,12,0,0.5,74.2493,0.143248
K,11,1,1.5,12,0,0.5,105.52,0.20632
K,12,0,0.5,12,1,0.5,98.6979,0.192078
K,12,0,0.5,12,1,1.5,139.165,0.27461
K,3,2,1.5,12,1,0.5,0.120018,0.0060875
K,4,2,1.5,12,1,0.5,0.326585,0.0129896
K,5,2,1.5,12,1,0.5,0.693622,0.0293315
K,6,2,1.5,12,1,0.5,1.344,0.0577108
K,7,2,1.5,12,1,0.5,2.60309,0.111676
K,8,2,1.5,12,1,0.5,5.4944,0.230183
K,9,2,1.5,12,1,0.5,14.8793,0.548222
K,10,2,1.5,12,1,0.5,106.216,3.12965
K,11,2,1.5,12,1,0.5,159.627,1.2575
K,3,2,1.5,12,1,1.5,0.0540365,0.0026544
K,3,2,2.5,12,1,1.5,0.162124,0.0079344
K,4,2,1.5,12,1,1.5,0.146957,0.0057296
K,4,2,2.5,12,1,1.5,0.441072,0.0171248
K,5,2,1.5,12,1,1.5,0.311934,0.012947
K,5,2,2.5,12,1,1.5,0.936256,0.0386492
K,6,2,1.5,12,1,1.5,0.60427,0.0254815
K,6,2,2.5,12,1,1.5,1.81369,0.0760139
K,7,2,1.5,12,1,1.5,1.17011,0.0492967
K,7,2,2.5,12,1,1.5,3.512,0.146974
K,8,2,1.5,12,1,1.5,2.46869,0.101474
K,8,2,2.5,12,1,1.5,7.40945,0.302355
K,9,2,1.5,12,1,1.5,6.67661,0.240484
K,9,2,2.5,12,1,1.5,20.0375,0.715729
K,10,2,1.5,12,1,1.5,47.2788,1.40088
K,10,2,2.5,12,1,1.5,141.783,4.18471
K,11,2,1.5,12,1,1.5,71.6062,0.556666
K,11,2,2.5,12,1,1.5,214.845,1.66797
K,4,3,2.5,11,2,1.5,0.317387,0.0084943
K,5,3,2.5,11,2,1.5,0.804234,0.0201672
K,6,3,2.5,11,2,1.5,1.68983,0.040253
K,7,3,2.5,11,2,1.5,3.41898,0.0784987
K,8,3,2.5,11,2,1.5,7.3143,0.165296
K,9,3,2.5,11,2,1.5,18.9857,0.433581
K,10,3,2.5,11,2,1.5,94.4389,1.79147
K,11,2,1.5,11,3,2.5,259.783,2.03512
K,4,3,2.5,11,2,2.5,0.0848528,0.0022553
K,4,3,3.5,11,2,2.5,0.379472,0.0100868
K,5,3,2.5,11,2,2.5,0.215004,0.0053531
K,5,3,3.5,11,2,2.5,0.961526,0.0239408
K,6,3,2.5,11,2,2.5,0.451751,0.010683
K,6,3,3.5,11,2,2.5,2.02029,0.0477764
K,7,3,2.5,11,2,2.5,0.914001,0.0208327
K,7,3,3.5,11,2,2.5,4.08753,0.0931668
K,8,3,2.5,11,2,2.5,1.95534,0.0438775
K,8,3,3.5,11,2,2.5,8.74455,0.196225
K,9,3,2.5,11,2,2.5,5.07556,0.115194
K,9,3,3.5,11,2,2.5,22.6986,0.515156
K,10,3,2.5,11,2,2.5,25.2489,0.478438
K,10,3,3.5,11,2,2.5,112.917,2.13953
K,11,2,2.5,11,3,2.5,69.4228,0.541315
K,11,2,2.5,11,3,3.5,310.468,2.42079
Rb,5,0,0.5,5,1,0.5,4.231,0.003
Rb,5,0,0.5,5,1,1.5,5.978,0.005
Rb,5,0,0.5,6,1,0.5,0.3235,0.0009
Rb,5,0,0.5,6,1,1.5,0.523,0.0008
Rb,5,0,0.5,7,1,0.5,0.11543,0.0080606
Rb,5,0,0.5,7,1,1.5,0.202314,0.0105247
Rb,5,0,0.5,8,1,0.5,0.0598359,0.0056525
Rb,5,0,0.5,8,1,1.5,0.110994,0.0073876
Rb,5,0,0.5,9,1,0.5,0.0376028,0.0043066
Rb,5,0,0.5,9,1,1.5,0.0726511,0.0056406
Rb,5,0,0.5,10,1,0.5,0.0263885,0.0034358
Rb,5,0,0.5,10,1,1.5,0.052518,0.0045084
Rb,5,0,0.5,11,1,0.5,0.0198671,0.0028278
Rb,5,0,0.5,11,1,1.5,0.0404163,0.0037162
Rb,5,0,0.5,12,1,0.5,0.015693,0.0023817
Rb,5,0,0.5,12,1,1.5,0.0324571,0.0031338
Rb,5,0,0.5,13,1,0.5,0.0128314,0.0020425
Rb,5,0,0.5,13,1,1.5,0.0268775,0.00269
Rb,4,2,1.5,5,1,0.5,8.01617,0.0242461
Rb,5,1,0.5,5,2,1.5,1.35253,0.0768426
Rb,5,1,0.5,6,2,1.5,1.06735,0.0371636
Rb,5,1,0.5,7,2,1.5,0.787538,0.0205306
Rb,5,1,0.5,8,2,1.5,0.605103,0.0130228
Rb,5,1,0.5,9,2,1.5,0.482921,0.0090452
Rb,5,1,0.5,10,2,1.5,0.397101,0.0066114
Rb,5,1,0.5,11,2,1.5,0.339203,0.0124906
Rb,5,1,0.5,12,2,1.5,0.290369,0.0092186
Rb,4,2,1.5,5,1,1.5,3.61841,0.012493
Rb,4,2,2.5,5,1,1.5,10.862,0.036824
Rb,5,1,1.5,5,2,1.5,0.66551,0.034861
Rb,5,1,1.5,5,2,2.5,1.9841,0.102806
Rb,5,1,1.5,6,2,1.5,0.506392,0.0166924
Rb,5,1,1.5,6,2,2.5,1.51163,0.0484439
Rb,5,1,1.5,7,2,1.5,0.369737,0.009185
Rb,5,1,1.5,7,2,2.5,1.1042,0.0264412
Rb,5,1,1.5,8,2,1.5,0.282694,0.0058182
Rb,5,1,1.5,8,2,2.5,0.844451,0.0166714
Rb,5,1,1.5,9,2,1.5,0.224984,0.0040404
Rb,5,1,1.5,9,2,2.5,0.672201,0.0115086
Rb,5,1,1.5,10,2,1.5,0.184676,0.0029549
Rb,5,1,1.5,10,2,2.5,0.551827,0.008389
Rb,5,1,1.5,11,2,1.5,0.157475,0.0054948
Rb,5,1,1.5,11,2,2.5,0.470249,0.015767
Rb,5,1,1.5,12,2,1.5,0.134698,0.0040578
Rb,5,1,1.5,12,2,2.5,0.402246,0.0116819
Rb,4,2,1.5,4,3,2.5,10.5093,0.30664
Rb,4,2,1.5,5,3,2.5,4.59292,0.021061
Rb,4,2,1.5,6,3,2.5,2.80066,0.0284552
Rb,4,2,1.5,7,3,2.5,1.96527,0.0196527
Rb,4,2,1.5,8,3,2.5,1.49473,0.0194924
Rb,4,2,1.5,9,3,2.5,1.20463,0.004293
Rb,4,2,1.5,10,3,2.5,0.994354,0.0022231
Rb,4,2,1.5,11,3,2.5,0.84092,0.0010762
Rb,4,2,2.5,4,3,2.5,2.809,0.080436
Rb,4,2,2.5,4,3,3.5,12.5624,0.359712
Rb,4,2,2.5,5,3,2.5,1.22827,0.0056389
Rb,4,2,2.5,5,3,3.5,5.4931,0.0252099
Rb,4,2,2.5,6,3,2.5,0.74908,0.0073674
Rb,4,2,2.5,6,3,3.5,3.35004,0.0329364
Rb,4,2,2.5,7,3,2.5,0.525743,0.0052574
Rb,4,2,2.5,7,3,3.5,2.35123,0.0235123
Rb,4,2,2.5,8,3,2.5,0.399828,0.0050617
Rb,4,2,2.5,8,3,3.5,1.78812,0.0226203
Rb,4,2,2.5,9,3,2.5,0.322142,0.001074
Rb,4,2,2.5,9,3,3.5,1.44068,0.0047986
Rb,4,2,2.5,10,3,2.5,0.265909,0.0005426
Rb,4,2,2.5,10,3,3.5,1.18919,0.0024228
Rb,4,2,2.5,11,3,2.5,0.224877,0.0002496
Rb,4,2,2.5,11,3,3.5,1.00569,0.0011127
Rb,5,1,0.5,6,0,0.5,4.14623,0.0081555
Rb,5,1,1.5,6,0,0.5,6.04754,0.0127237
Rb,6,0,0.5,6,1,0.5,9.71973,0.0245525
Rb,6,0,0.5,6,1,1.5,13.6449,0.036115
Rb,6,0,0.5,7,1,0.5,0.992214,0.0180716
Rb,6,0,0.5,7,1,1.5,1.53974,0.0247535
Rb,6,0,0.5,8,1,0.5,0.393552,0.0054221
Rb,6,0,0.5,8,1,1.5,0.628474,0.0095801
Rb,6,0,0.5,9,1,0.5,0.222433,0.0041527
Rb,6,0,0.5,9,1,1.5,0.363277,0.0059709
Rb,6,0,0.5,10,1,0.5,0.148487,0.0030082
Rb,6,0,0.5,10,1,1.5,0.246125,0.004114
Rb,6,0,0.5,11,1,0.5,0.10885,0.0022409
Rb,6,0,0.5,11,1,1.5,0.182291,0.0032127
Rb,6,0,0.5,12,1,0.5,0.0846548,0.0015434
Rb,6,0,0.5,12,1,1.5,0.142829,0.002229
Rb,6,0,0.5,13,1,0.5,0.0685508,0.0012491
Rb,6,0,0.5,13,1,1.5,0.1163,0.0018113
Rb,4,2,1.5,6,1,0.5,5.27006,0.261388
Rb,5,2,1.5,6,1,0.5,18.1077,0.181077
Rb,6,1,0.5,6,2,1.5,1.60479,0.0824784
Rb,6,1,0.5,7,2,1.5,1.32924,0.0459775
Rb,6,1,0.5,8,2,1.5,1.00487,0.027605
Rb,6,1,0.5,9,2,1.5,0.786305,0.0183236
Rb,6,1,0.5,10,2,1.5,0.636792,0.0129089
Rb,6,1,0.5,11,2,1.5,0.539384,0.0302312
Rb,6,1,0.5,12,2,1.5,0.457622,0.0215926
Rb,4,2,1.5,6,1,1.5,2.30223,0.116169
Rb,4,2,2.5,6,1,1.5,6.90468,0.342528
Rb,5,2,1.5,6,1,1.5,8.15935,0.0856281
Rb,5,2,2.5,6,1,1.5,24.4894,0.167563
Rb,6,1,1.5,6,2,1.5,0.833057,0.037245
Rb,6,1,1.5,6,2,2.5,2.46478,0.109932
Rb,6,1,1.5,7,2,1.5,0.648706,0.0205981
Rb,6,1,1.5,7,2,2.5,1.92933,0.0598367
Rb,6,1,1.5,8,2,1.5,0.482413,0.0123094
Rb,6,1,1.5,8,2,2.5,1.43667,0.0355475
Rb,6,1,1.5,9,2,1.5,0.374607,0.0081502
Rb,6,1,1.5,9,2,2.5,1.11638,0.0233816
Rb,6,1,1.5,10,2,1.5,0.30205,0.005734
Rb,6,1,1.5,10,2,2.5,0.900464,0.0163935
Rb,6,1,1.5,11,2,1.5,0.254854,0.0134589
Rb,6,1,1.5,11,2,2.5,0.759435,0.0384691
Rb,6,1,1.5,12,2,1.5,0.215835,0.0096181
Rb,6,1,1.5,12,2,2.5,0.643225,0.0275923
Rb,4,3,2.5,5,2,1.5,25.3794,0.081241
Rb,5,2,1.5,5,3,2.5,9.56374,0.505575
Rb,5,2,1.5,6,3,2.5,5.14188,0.114042
Rb,5,2,1.5,7,3,2.5,3.38234,0.0427455
Rb,5,2,1.5,8,3,2.5,2.47222,0.0200068
Rb,5,2,1.5,9,3,2.5,1.91358,0.0766503
Rb,5,2,1.5,10,3,2.5,1.55486,0.0583019
Rb,5,2,1.5,11,3,2.5,1.3002,0.0464245
Rb,4,3,2.5,5,2,2.5,6.78424,0.0205058
Rb,4,3,3.5,5,2,2.5,30.3398,0.091708
Rb,5,2,2.5,5,3,2.5,2.56162,0.130726
Rb,5,2,2.5,5,3,3.5,11.4564,0.584506
Rb,5,2,2.5,6,3,2.5,1.37715,0.0296514
Rb,5,2,2.5,6,3,3.5,6.15905,0.132574
Rb,5,2,2.5,7,3,2.5,0.905758,0.0111773
Rb,5,2,2.5,7,3,3.5,4.05083,0.0499722
Rb,5,2,2.5,8,3,2.5,0.661969,0.0052665
Rb,5,2,2.5,8,3,3.5,2.96049,0.0235096
Rb,5,2,2.5,9,3,2.5,0.512374,0.0197236
Rb,5,2,2.5,9,3,3.5,2.29149,0.0882063
Rb,5,2,2.5,10,3,2.5,0.416279,0.0149937
Rb,5,2,2.5,10,3,3.5,1.86173,0.0670529
Rb,5,2,2.5,11,3,2.5,0.348075,0.011934
Rb,5,2,2.5,11,3,3.5,1.5567,0.0533694
Rb,5,1,0.5,7,0,0.5,0.952929,0.0053152
Rb,5,1,1.5,7,0,0.5,1.34981,0.0079815
Rb,6,1,0.5,7,0,0.5,9.22651,0.0124474
Rb,6,1,1.5,7,0,0.5,13.397,0.020612
Rb,7,0,0.5,7,1,0.5,16.887,0.039139
Rb,7,0,0.5,7,1,1.5,23.653,0.058458
Rb,7,0,0.5,8,1,0.5,1.85832,0.0185202
Rb,7,0,0.5,8,1,1.5,2.8198,0.0252835
Rb,7,0,0.5,9,1,0.5,0.75212,0.0137104
Rb,7,0,0.5,9,1,1.5,1.17456,0.0143531
Rb,7,0,0.5,10,1,0.5,0.427697,0.0056546
Rb,7,0,0.5,10,1,1.5,0.679918,0.0056731
Rb,7,0,0.5,11,1,0.5,0.287802,0.003707
Rb,7,0,0.5,11,1,1.5,0.462441,0.0037506
Rb,7,0,0.5,12,1,0.5,0.212866,0.0022856
Rb,7,0,0.5,12,1,1.5,0.344526,0.0036276
Rb,7,0,0.5,13,1,0.5,0.166465,0.0020561
Rb,7,0,0.5,13,1,1.5,0.270765,0.0031605
Rb,4,2,1.5,7,1,0.5,1.06925,0.0183221
Rb,5,2,1.5,7,1,0.5,10.7028,0.430039
Rb,6,2,1.5,7,1,0.5,31.418,0.047174
Rb,7,1,0.5,7,2,1.5,1.80544,0.113106
Rb,7,1,0.5,8,2,1.5,1.56675,0.0508802
Rb,7,1,0.5,9,2,1.5,1.20079,0.032655
Rb,7,1,0.5,10,2,1.5,0.949094,0.0221423
Rb,7,1,0.5,11,2,1.5,0.790705,0.0600526
Rb,7,1,0.5,12,2,1.5,0.661085,0.0414569
Rb,4,2,1.5,7,1,1.5,0.479179,0.0075987
Rb,4,2,2.5,7,1,1.5,1.43878,0.0219885
Rb,5,2,1.5,7,1,1.5,4.66091,0.190834
Rb,5,2,2.5,7,1,1.5,14.0046,0.555311
Rb,6,2,1.5,7,1,1.5,14.1667,0.020949
Rb,6,2,2.5,7,1,1.5,42.496,0.060291
Rb,7,1,1.5,7,2,1.5,0.987567,0.0504311
Rb,7,1,1.5,7,2,2.5,2.90066,0.143958
Rb,7,1,1.5,8,2,1.5,0.784043,0.0227677
Rb,7,1,1.5,8,2,2.5,2.32386,0.0662221
Rb,7,1,1.5,9,2,1.5,0.587706,0.0145526
Rb,7,1,1.5,9,2,2.5,1.74596,0.0419349
Rb,7,1,1.5,10,2,1.5,0.459759,0.0098415
Rb,7,1,1.5,10,2,2.5,1.36722,0.0282431
Rb,7,1,1.5,11,2,1.5,0.380176,0.0269217
Rb,7,1,1.5,11,2,2.5,1.1305,0.0768577
Rb,7,1,1.5,12,2,1.5,0.316714,0.0185856
Rb,7,1,1.5,12,2,2.5,0.942037,0.0532641
Rb,4,3,2.5,6,2,1.5,9.36107,0.0708584
Rb,5,3,2.5,6,2,1.5,46.2932,0.178689
Rb,6,2,1.5,6,3,2.5,8.91349,0.565342
Rb,6,2,1.5,7,3,2.5,5.33474,0.147257
Rb,6,2,1.5,8,3,2.5,3.66077,0.0627452
Rb,6,2,1.5,9,3,2.5,2.70575,0.181823
Rb,6,2,1.5,10,3,2.5,2.14456,0.13327
Rb,6,2,1.5,11,3,2.5,1.76227,0.1036
Rb,4,3,2.5,6,2,2.5,2.49384,0.0181292
Rb,4,3,3.5,6,2,2.5,11.1524,0.08107
Rb,5,3,2.5,6,2,2.5,12.3763,0.045198
Rb,5,3,3.5,6,2,2.5,55.3484,0.202163
Rb,6,2,2.5,6,3,2.5,2.39534,0.144847
Rb,6,2,2.5,6,3,3.5,10.7133,0.647685
Rb,6,2,2.5,7,3,2.5,1.43224,0.0378437
Rb,6,2,2.5,7,3,3.5,6.40565,0.169213
Rb,6,2,2.5,8,3,2.5,0.982327,0.0161667
Rb,6,2,2.5,8,3,3.5,4.39328,0.072163
Rb,6,2,2.5,9,3,2.5,0.726181,0.0468039
Rb,6,2,2.5,9,3,3.5,3.2478,0.209322
Rb,6,2,2.5,10,3,2.5,0.575385,0.0342842
Rb,6,2,2.5,10,3,3.5,2.57337,0.15333
Rb,6,2,2.5,11,3,2.5,0.472716,0.0266393
Rb,6,2,2.5,11,3,3.5,2.11418,0.119139
Rb,5,1,0.5,8,0,0.5,0.502281,0.003119
Rb,5,1,1.5,8,0,0.5,0.707779,0.0046757
Rb,6,1,0.5,8,0,0.5,1.8512,0.0102944
Rb,6,1,1.5,8,0,0.5,2.59752,0.0155197
Rb,7,1,0.5,8,0,0.5,15.99,0.1599
Rb,7,1,1.5,8,0,0.5,23.2264,0.035835
Rb,8,0,0.5,8,1,0.5,25.8793,0.057846
Rb,8,0,0.5,8,1,1.5,36.1999,0.087625
Rb,8,0,0.5,9,1,0.5,2.94074,0.0257696
Rb,8,0,0.5,9,1,1.5,4.43061,0.0350916
Rb,8,0,0.5,10,1,0.5,1.19863,0.0140306
Rb,8,0,0.5,10,1,1.5,1.845,0.0196011
Rb,8,0,0.5,11,1,0.5,0.685408,0.0053937
Rb,8,0,0.5,11,1,1.5,1.07435,0.0076412
Rb,8,0,0.5,12,1,0.5,0.46309,0.0044667
Rb,8,0,0.5,12,1,1.5,0.732471,0.0069952
Rb,8,0,0.5,13,1,0.5,0.342037,0.0038835
Rb,8,0,0.5,13,1,1.5,0.544287,0.0059097
Rb,4,2,1.5,8,1,0.5,0.542783,0.009851
Rb,5,2,1.5,8,1,0.5,2.43099,0.0354028
Rb,6,2,1.5,8,1,0.5,17.8853,0.525372
Rb,7,2,1.5,8,1,0.5,47.7465,0.078364
Rb,8,1,0.5,8,2,1.5,1.94902,0.166482
Rb,8,1,0.5,9,2,1.5,1.79198,0.0511009
Rb,8,1,0.5,10,2,1.5,1.38907,0.0344284
Rb,8,1,0.5,11,2,1.5,1.1288,0.112646
Rb,8,1,0.5,12,2,1.5,0.924016,0.0738729
Rb,4,2,1.5,8,1,1.5,0.244004,0.0041747
Rb,4,2,2.5,8,1,1.5,0.73259,0.012082
Rb,5,2,1.5,8,1,1.5,1.08285,0.014831
Rb,5,2,2.5,8,1,1.5,3.25435,0.0426183
Rb,6,2,1.5,8,1,1.5,7.77966,0.23239
Rb,6,2,2.5,8,1,1.5,23.3969,0.671563
Rb,7,2,1.5,8,1,1.5,21.5306,0.034583
Rb,7,2,2.5,8,1,1.5,64.5709,0.099193
Rb,8,1,1.5,8,2,1.5,1.12793,0.0744367
Rb,8,1,1.5,8,2,2.5,3.28881,0.212202
Rb,8,1,1.5,9,2,1.5,0.91847,0.0226909
Rb,8,1,1.5,9,2,2.5,2.71385,0.0657135
Rb,8,1,1.5,10,2,1.5,0.692135,0.0152538
Rb,8,1,1.5,10,2,2.5,2.05138,0.0438567
Rb,8,1,1.5,11,2,1.5,0.554028,0.0508015
Rb,8,1,1.5,11,2,2.5,1.64342,0.144907
Rb,8,1,1.5,12,2,1.5,0.450307,0.033287
Rb,8,1,1.5,12,2,2.5,1.33659,0.0953316
Rb,4,3,2.5,7,2,1.5,2.32748,0.029835
Rb,5,3,2.5,7,2,1.5,19.6278,0.136184
Rb,6,3,2.5,7,2,1.5,70.4458,0.254063
Rb,7,2,1.5,7,3,2.5,8.40789,0.608653
Rb,7,2,1.5,8,3,2.5,5.47033,0.16136
Rb,7,2,1.5,9,3,2.5,3.79789,0.370884
Rb,7,2,1.5,10,3,2.5,2.90435,0.252127
Rb,7,2,1.5,11,3,2.5,2.32749,0.186853
Rb,4,3,2.5,7,2,2.5,0.621437,0.0075967
Rb,4,3,3.5,7,2,2.5,2.7791,0.0339722
Rb,5,3,2.5,7,2,2.5,5.22726,0.0343376
Rb,5,3,3.5,7,2,2.5,23.3762,0.153561
Rb,6,3,2.5,7,2,2.5,18.8364,0.064016
Rb,6,3,3.5,7,2,2.5,84.239,0.286278
Rb,7,2,2.5,7,3,2.5,2.26841,0.154903
Rb,7,2,2.5,7,3,3.5,10.1463,0.692691
Rb,7,2,2.5,8,3,2.5,1.47249,0.0410961
Rb,7,2,2.5,8,3,3.5,6.5856,0.183441
Rb,7,2,2.5,9,3,2.5,1.02233,0.0955528
Rb,7,2,2.5,9,3,3.5,4.57246,0.427355
Rb,7,2,2.5,10,3,2.5,0.781167,0.0649014
Rb,7,2,2.5,10,3,3.5,3.49382,0.290266
Rb,7,2,2.5,11,3,2.5,0.625707,0.0480711
Rb,7,2,2.5,11,3,3.5,2.7985,0.214993
Rb,5,1,0.5,9,0,0.5,0.331489,0.002127
Rb,5,1,1.5,9,0,0.5,0.466178,0.0031886
Rb,6,1,0.5,9,0,0.5,0.934805,0.0057205
Rb,6,1,1.5,9,0,0.5,1.30372,0.0086075
Rb,7,1,0.5,9,0,0.5,2.99812,0.0165175
Rb,7,1,1.5,9,0,0.5,4.18586,0.0250502
Rb,8,1,0.5,9,0,0.5,24.582,0.040269
Rb,8,1,1.5,9,0,0.5,35.5695,0.064774
Rb,9,0,0.5,9,1,0.5,36.7228,0.077083
Rb,9,0,0.5,9,1,1.5,51.3224,0.118156
Rb,9,0,0.5,10,1,0.5,4.24403,0.0343739
Rb,9,0,0.5,10,1,1.5,6.36768,0.0467213
Rb,9,0,0.5,11,1,0.5,1.72866,0.0130694
Rb,9,0,0.5,11,1,1.5,2.65315,0.018235
Rb,9,0,0.5,12,1,0.5,0.994829,0.0080076
Rb,9,0,0.5,12,1,1.5,1.54617,0.0124913
Rb,9,0,0.5,13,1,0.5,0.670546,0.0067106
Rb,9,0,0.5,13,1,1.5,1.05046,0.0101678
Rb,4,2,1.5,9,1,0.5,0.351725,0.006511
Rb,5,2,1.5,9,1,0.5,1.24187,0.0196722
Rb,6,2,1.5,9,1,0.5,4.19935,0.0554617
Rb,7,2,1.5,9,1,0.5,26.9205,0.614807
Rb,8,2,1.5,9,1,0.5,67.176,0.116577
Rb,9,1,0.5,9,2,1.5,2.02749,0.228684
Rb,9,1,0.5,10,2,1.5,2.00546,0.0560544
Rb,9,1,0.5,11,2,1.5,1.60699,0.215841
Rb,9,1,0.5,12,2,1.5,1.28166,0.130304
Rb,4,2,1.5,9,1,1.5,0.15827,0.0027292
Rb,4,2,2.5,9,1,1.5,0.475147,0.007898
Rb,5,2,1.5,9,1,1.5,0.555268,0.0084225
Rb,5,2,2.5,9,1,1.5,1.66848,0.0242025
Rb,6,2,1.5,9,1,1.5,1.86742,0.023416
Rb,6,2,2.5,9,1,1.5,5.61321,0.0671483
Rb,7,2,1.5,9,1,1.5,11.7046,0.271026
Rb,7,2,2.5,9,1,1.5,35.2169,0.780088
Rb,8,2,1.5,9,1,1.5,30.2948,0.051306
Rb,8,2,2.5,9,1,1.5,90.8407,0.146889
Rb,9,1,1.5,9,2,1.5,1.25047,0.102455
Rb,9,1,1.5,9,2,2.5,3.61916,0.29167
Rb,9,1,1.5,10,2,1.5,1.05226,0.0238639
Rb,9,1,1.5,10,2,2.5,3.09964,0.0678138
Rb,9,1,1.5,11,2,1.5,0.812134,0.09799
Rb,9,1,1.5,11,2,2.5,2.40078,0.279248
Rb,9,1,1.5,12,2,1.5,0.638009,0.0590151
Rb,9,1,1.5,12,2,2.5,1.88886,0.168902
Rb,4,3,2.5,8,2,1.5,1.17651,0.0141565
Rb,5,3,2.5,8,2,1.5,4.77754,0.0519008
Rb,6,3,2.5,8,2,1.5,32.4749,0.212733
Rb,7,3,2.5,8,2,1.5,98.3776,0.319185
Rb,8,2,1.5,8,3,2.5,7.91563,0.658566
Rb,8,2,1.5,9,3,2.5,5.41109,0.799732
Rb,8,2,1.5,10,3,2.5,3.97292,0.47441
Rb,8,2,1.5,11,3,2.5,3.07898,0.324871
Rb,4,3,2.5,8,2,2.5,0.314269,0.0035903
Rb,4,3,3.5,8,2,2.5,1.40543,0.0160557
Rb,5,3,2.5,8,2,2.5,1.27577,0.0131525
Rb,5,3,3.5,8,2,2.5,5.70531,0.0587936
Rb,6,3,2.5,8,2,2.5,8.64755,0.0536002
Rb,6,3,3.5,8,2,2.5,38.6713,0.239707
Rb,7,3,2.5,8,2,2.5,26.3085,0.080123
Rb,7,3,3.5,8,2,2.5,117.656,0.35829
Rb,8,2,2.5,8,3,2.5,2.14578,0.166781
Rb,8,2,2.5,8,3,3.5,9.59754,0.74484
Rb,8,2,2.5,9,3,2.5,1.46351,0.206344
Rb,8,2,2.5,9,3,3.5,6.54608,0.922889
Rb,8,2,2.5,10,3,2.5,1.07203,0.12224
Rb,8,2,2.5,10,3,3.5,4.79492,0.546717
Rb,8,2,2.5,11,3,2.5,0.829871,0.08364
Rb,8,2,2.5,11,3,3.5,3.71176,0.374078
Rb,5,1,0.5,10,0,0.5,0.242941,0.0015873
Rb,5,1,1.5,10,0,0.5,0.341306,0.00238
Rb,6,1,0.5,10,0,0.5,0.605942,0.003808
Rb,6,1,1.5,10,0,0.5,0.843117,0.0057288
Rb,7,1,0.5,10,0,0.5,1.47143,0.008984
Rb,7,1,1.5,10,0,0.5,2.0405,0.0135836
Rb,8,1,0.5,10,0,0.5,4.39468,0.0246703
Rb,8,1,1.5,10,0,0.5,6.11645,0.0377769
Rb,9,1,0.5,10,0,0.5,34.8757,0.058987
Rb,9,1,1.5,10,0,0.5,50.4215,0.094743
Rb,10,0,0.5,10,1,0.5,49.4203,0.100455
Rb,10,0,0.5,10,1,1.5,69.0206,0.158919
Rb,10,0,0.5,11,1,0.5,5.76916,0.0442828
Rb,10,0,0.5,11,1,1.5,8.62841,0.0601471
Rb,10,0,0.5,12,1,0.5,2.35605,0.0166401
Rb,10,0,0.5,12,1,1.5,3.59896,0.0231889
Rb,10,0,0.5,13,1,0.5,1.35271,0.0113948
Rb,10,0,0.5,13,1,1.5,2.09001,0.0172273
Rb,4,2,1.5,10,1,0.5,0.255286,0.0048281
Rb,5,2,1.5,10,1,0.5,0.804931,0.0128753
Rb,6,2,1.5,10,1,0.5,2.13785,0.0306348
Rb,7,2,1.5,10,1,0.5,6.3813,0.0796524
Rb,8,2,1.5,10,1,0.5,37.8218,0.70959
Rb,9,2,1.5,10,1,0.5,89.7158,0.16235
Rb,10,1,0.5,10,2,1.5,2.05246,0.299835
Rb,10,1,0.5,11,2,1.5,2.25557,0.460233
Rb,10,1,0.5,12,2,1.5,1.78647,0.240213
Rb,4,2,1.5,10,1,1.5,0.114924,0.0019795
Rb,4,2,2.5,10,1,1.5,0.344997,0.0057278
Rb,5,2,1.5,10,1,1.5,0.360385,0.0055556
Rb,5,2,2.5,10,1,1.5,1.08279,0.015963
Rb,6,2,1.5,10,1,1.5,0.954639,0.0132023
Rb,6,2,2.5,10,1,1.5,2.86864,0.0378553
Rb,7,2,1.5,10,1,1.5,2.83638,0.0337882
Rb,7,2,2.5,10,1,1.5,8.52578,0.0967964
Rb,8,2,1.5,10,1,1.5,16.44,0.309814
Rb,8,2,2.5,10,1,1.5,49.4767,0.889375
Rb,9,2,1.5,10,1,1.5,40.4646,0.071311
Rb,9,2,2.5,10,1,1.5,121.322,0.20383
Rb,10,1,1.5,10,2,1.5,1.36265,0.134492
Rb,10,1,1.5,10,2,2.5,3.9127,0.382692
Rb,10,1,1.5,11,2,1.5,1.20645,0.210907
Rb,10,1,1.5,11,2,2.5,3.54346,0.600226
Rb,10,1,1.5,12,2,1.5,0.917662,0.109452
Rb,10,1,1.5,12,2,2.5,2.70668,0.312991
Rb,4,3,2.5,9,2,1.5,0.752864,0.0085026
Rb,5,3,2.5,9,2,1.5,2.3978,0.0259204
Rb,6,3,2.5,9,2,1.5,7.77891,0.0756782
Rb,7,3,2.5,9,2,1.5,47.95,0.302289
Rb,8,3,2.5,9,2,1.5,130.25,0.37813
Rb,9,2,1.5,9,3,2.5,6.6523,2.18132
Rb,9,2,1.5,10,3,2.5,5.49059,0.981789
Rb,9,2,1.5,11,3,2.5,4.13042,0.585685
Rb,4,3,2.5,9,2,2.5,0.201146,0.0021487
Rb,4,3,3.5,9,2,2.5,0.899537,0.0096091
Rb,5,3,2.5,9,2,2.5,0.640648,0.0065461
Rb,5,3,3.5,9,2,2.5,2.86502,0.0292653
Rb,6,3,2.5,9,2,2.5,2.07756,0.0190802
Rb,6,3,3.5,9,2,2.5,9.29094,0.0853091
Rb,7,3,2.5,9,2,2.5,12.7679,0.076076
Rb,7,3,3.5,9,2,2.5,57.0969,0.340219
Rb,8,3,2.5,9,2,2.5,34.8352,0.094276
Rb,8,3,3.5,9,2,2.5,155.788,0.42123
Rb,9,2,2.5,9,3,2.5,1.82861,0.564292
Rb,9,2,2.5,9,3,3.5,8.18089,2.52393
Rb,9,2,2.5,10,3,2.5,1.48993,0.253248
Rb,9,2,2.5,10,3,3.5,6.66459,1.13268
Rb,9,2,2.5,11,3,2.5,1.11725,0.150874
Rb,9,2,2.5,11,3,3.5,4.99736,0.674791
Rb,5,1,0.5,11,0,0.5,0.18922,0.0012505
Rb,5,1,1.5,11,0,0.5,0.265678,0.001875
Rb,6,1,0.5,11,0,0.5,0.44064,0.0028008
Rb,6,1,1.5,11,0,0.5,0.612398,0.0042136
Rb,7,1,0.5,11,0,0.5,0.940083,0.0058895
Rb,7,1,1.5,11,0,0.5,1.30025,0.0088982
Rb,8,1,0.5,11,0,0.5,2.11195,0.0132813
Rb,8,1,1.5,11,0,0.5,2.91798,0.0202563
Rb,9,1,0.5,11,0,0.5,6.0417,0.033603
Rb,9,1,1.5,11,0,0.5,8.39089,0.0517625
Rb,10,1,0.5,11,0,0.5,46.9208,0.084357
Rb,10,1,1.5,11,0,0.5,67.8004,0.140882
Rb,11,0,0.5,11,1,0.5,63.9736,0.128571
Rb,11,0,0.5,11,1,1.5,89.3075,0.200393
Rb,11,0,0.5,12,1,0.5,7.52358,0.0554091
Rb,11,0,0.5,12,1,1.5,11.2264,0.075198
Rb,11,0,0.5,13,1,0.5,3.0696,0.0207036
Rb,11,0,0.5,13,1,1.5,4.67216,0.029165
Rb,4,2,1.5,11,1,0.5,0.197786,0.0037744
Rb,5,2,1.5,11,1,0.5,0.584489,0.0097022
Rb,6,2,1.5,11,1,0.5,1.3801,0.0202501
Rb,7,2,1.5,11,1,0.5,3.22957,0.0434544
Rb,8,2,1.5,11,1,0.5,8.97665,0.108201
Rb,9,2,1.5,11,1,0.5,50.587,0.807159
Rb,10,2,1.5,11,1,0.5,115.371,0.21574
Rb,11,1,0.5,11,2,1.5,1.97298,1.29122
Rb,11,1,0.5,12,2,1.5,2.44621,0.499007
Rb,4,2,1.5,11,1,1.5,0.0890599,0.0015309
Rb,4,2,2.5,11,1,1.5,0.267344,0.0044295
Rb,5,2,1.5,11,1,1.5,0.261858,0.0040501
Rb,5,2,2.5,11,1,1.5,0.78672,0.0116364
Rb,6,2,1.5,11,1,1.5,0.617254,0.0086628
Rb,6,2,2.5,11,1,1.5,1.85455,0.0248364
Rb,7,2,1.5,11,1,1.5,1.44194,0.0188114
Rb,7,2,2.5,11,1,1.5,4.33256,0.0538852
Rb,8,2,1.5,11,1,1.5,3.99007,0.0460666
Rb,8,2,2.5,11,1,1.5,11.993,0.131907
Rb,9,2,1.5,11,1,1.5,21.9902,0.35318
Rb,9,2,2.5,11,1,1.5,66.1871,1.00975
Rb,10,2,1.5,11,1,1.5,52.0382,0.094674
Rb,10,2,2.5,11,1,1.5,156.009,0.27039
Rb,11,1,1.5,11,2,1.5,1.4313,0.603141
Rb,11,1,1.5,11,2,2.5,4.08027,1.71166
Rb,11,1,1.5,12,2,1.5,1.33909,0.229413
Rb,11,1,1.5,12,2,2.5,3.92106,0.655201
Rb,4,3,2.5,10,2,1.5,0.541359,0.0057889
Rb,5,3,2.5,10,2,1.5,1.5278,0.0159056
Rb,6,3,2.5,10,2,1.5,3.87818,0.0389054
Rb,7,3,2.5,10,2,1.5,11.3381,0.101643
Rb,8,3,2.5,10,2,1.5,66.0746,0.405147
Rb,9,3,2.5,10,2,1.5,165.695,1.90262
Rb,10,2,1.5,10,3,2.5,5.95088,2.60598
Rb,10,2,1.5,11,3,2.5,5.54319,1.17964
Rb,4,3,2.5,10,2,2.5,0.144651,0.0014604
Rb,4,3,3.5,10,2,2.5,0.64689,0.0065311
Rb,5,3,2.5,10,2,2.5,0.408286,0.0040117
Rb,5,3,3.5,10,2,2.5,1.82589,0.0179353
Rb,6,3,2.5,10,2,2.5,1.03637,0.0098055
Rb,6,3,3.5,10,2,2.5,4.63471,0.0438444
Rb,7,3,2.5,10,2,2.5,3.0285,0.0255549
Rb,7,3,3.5,10,2,2.5,13.5436,0.114268
Rb,8,3,2.5,10,2,2.5,17.5936,0.101946
Rb,8,3,3.5,10,2,2.5,78.6787,0.455911
Rb,9,3,2.5,10,2,2.5,44.3268,0.487389
Rb,9,3,3.5,10,2,2.5,198.237,2.17962
Rb,10,2,2.5,10,3,2.5,1.65336,0.67422
Rb,10,2,2.5,10,3,3.5,7.39794,3.01563
Rb,10,2,2.5,11,3,2.5,1.50957,0.304321
Rb,10,2,2.5,11,3,3.5,6.75277,1.36112
Rb,5,1,0.5,12,0,0.5,0.153367,0.0010443
Rb,5,1,1.5,12,0,0.5,0.215252,0.0015678
Rb,6,1,0.5,12,0,0.5,0.342132,0.0022556
Rb,6,1,1.5,12,0,0.5,0.475157,0.0033964
Rb,7,1,0.5,12,0,0.5,0.6782,0.0044433
Rb,7,1,1.5,12,0,0.5,0.936773,0.0067151
Rb,8,1,0.5,12,0,0.5,1.3329,0.0089421
Rb,8,1,1.5,12,0,0.5,1.83629,0.0136256
Rb,9,1,0.5,12,0,0.5,2.85595,0.0184891
Rb,9,1,1.5,12,0,0.5,3.9358,0.0283722
Rb,10,1,0.5,12,0,0.5,7.93663,0.0455682
Rb,10,1,1.5,12,0,0.5,11.004,0.071753
Rb,11,1,0.5,12,0,0.5,60.7294,0.127612
Rb,11,1,1.5,12,0,0.5,87.7054,0.200764
Rb,12,0,0.5,12,1,0.5,80.3511,0.194296
Rb,12,0,0.5,12,1,1.5,112.128,0.29964
Rb,12,0,0.5,13,1,0.5,9.49955,0.0680435
Rb,12,0,0.5,13,1,1.5,14.1477,0.092275
Rb,4,2,1.5,12,1,0.5,0.159878,0.0030591
Rb,5,2,1.5,12,1,0.5,0.453362,0.007668
Rb,6,2,1.5,12,1,0.5,0.999511,0.0151926
Rb,7,2,1.5,12,1,0.5,2.07424,0.0289518
Rb,8,2,1.5,12,1,0.5,4.51463,0.0582378
Rb,9,2,1.5,12,1,0.5,11.9824,0.141076
Rb,10,2,1.5,12,1,0.5,65.1702,0.861719
Rb,11,2,1.5,12,1,0.5,144.172,0.66605
Rb,12,1,0.5,12,2,1.5,1.83455,1.37429
Rb,4,2,1.5,12,1,1.5,0.0719989,0.0012334
Rb,4,2,2.5,12,1,1.5,0.216123,0.0035686
Rb,5,2,1.5,12,1,1.5,0.203178,0.0031398
Rb,5,2,2.5,12,1,1.5,0.610403,0.0090204
Rb,6,2,1.5,12,1,1.5,0.447363,0.0062853
Rb,6,2,2.5,12,1,1.5,1.34401,0.0180182
Rb,7,2,1.5,12,1,1.5,0.927682,0.0122288
Rb,7,2,2.5,12,1,1.5,2.78689,0.0350243
Rb,8,2,1.5,12,1,1.5,2.01605,0.0252865
Rb,8,2,2.5,12,1,1.5,6.05688,0.0723965
Rb,9,2,1.5,12,1,1.5,5.3267,0.060214
Rb,9,2,2.5,12,1,1.5,16.0095,0.172312
Rb,10,2,1.5,12,1,1.5,28.3298,0.375527
Rb,10,2,2.5,12,1,1.5,85.2757,1.06854
Rb,11,2,1.5,12,1,1.5,65.0213,0.280517
Rb,11,2,2.5,12,1,1.5,194.929,0.79822
Rb,12,1,1.5,12,2,1.5,1.48984,0.643806
Rb,12,1,1.5,12,2,2.5,4.20326,1.83368
Rb,4,3,2.5,11,2,1.5,0.421201,0.0024082
Rb,5,3,2.5,11,2,1.5,1.10663,0.0040563
Rb,6,3,2.5,11,2,1.5,2.48425,0.0065961
Rb,7,3,2.5,11,2,1.5,5.67126,0.0192387
Rb,8,3,2.5,11,2,1.5,15.5838,0.136024
Rb,9,3,2.5,11,2,1.5,86.6475,3.53546
Rb,10,3,2.5,11,2,1.5,205.558,2.43543
Rb,11,2,1.5,11,3,2.5,5.13443,3.07829
Rb,4,3,2.5,11,2,2.5,0.112488,0.0006554
Rb,4,3,3.5,11,2,2.5,0.503052,0.0029318
Rb,5,3,2.5,11,2,2.5,0.295598,0.0011402
Rb,5,3,3.5,11,2,2.5,1.32193,0.0051031
Rb,6,3,2.5,11,2,2.5,0.663651,0.0019174
Rb,6,3,3.5,11,2,2.5,2.9679,0.008586
Rb,7,3,2.5,11,2,2.5,1.51495,0.0054544
Rb,7,3,3.5,11,2,2.5,6.77498,0.0244206
Rb,8,3,2.5,11,2,2.5,4.16095,0.036303
Rb,8,3,3.5,11,2,2.5,18.608,0.162437
Rb,9,3,2.5,11,2,2.5,23.0728,0.909174
Rb,9,3,3.5,11,2,2.5,103.179,4.06637
Rb,10,3,2.5,11,2,2.5,54.9931,0.623121
Rb,10,3,3.5,11,2,2.5,245.939,2.78664
Rb,11,2,2.5,11,3,2.5,1.44747,0.795518
Rb,11,2,2.5,11,3,3.5,6.47804,3.5582
Rb,5,1,0.5,13,0,0.5,0.128782,0.000345
Rb,5,1,1.5,13,0,0.5,0.180787,0.000552
Rb,6,1,0.5,13,0,0.5,0.279058,0.0012049
Rb,6,1,1.5,13,0,0.5,0.387605,0.0018893
Rb,7,1,0.5,13,0,0.5,0.527984,0.0024804
Rb,7,1,1.5,13,0,0.5,0.729173,0.0039286
Rb,8,1,0.5,13,0,0.5,0.96134,0.0046167
Rb,8,1,1.5,13,0,0.5,1.32343,0.0073785
Rb,9,1,0.5,13,0,0.5,1.79674,0.0085501
Rb,9,1,1.5,13,0,0.5,2.47041,0.0137688
Rb,10,1,0.5,13,0,0.5,3.72769,0.0168344
Rb,10,1,1.5,13,0,0.5,5.13143,0.0272866
Rb,11,1,0.5,13,0,0.5,10.1398,0.037948
Rb,11,1,1.5,13,0,0.5,14.0534,0.061888
Rb,12,1,0.5,13,0,0.5,76.1134,0.0380567
Rb,12,1,1.5,13,0,0.5,109.863,0.07812
Rb,13,0,0.5,13,1,0.5,98.8482,0.287547
Rb,13,0,0.5,13,1,1.5,137.939,0.4447
Rb,4,2,1.5,13,1,0.5,0.133141,0.0025536
Rb,5,2,1.5,13,1,0.5,0.367083,0.0062733
Rb,6,2,1.5,13,1,0.5,0.774234,0.0119638
Rb,7,2,1.5,13,1,0.5,1.49693,0.0214741
Rb,8,2,1.5,13,1,0.5,2.88495,0.038807
Rb,9,2,1.5,13,1,0.5,5.99178,0.0751718
Rb,10,2,1.5,13,1,0.5,15.4,0.178599
Rb,11,2,1.5,13,1,0.5,80.6933,2.70733
Rb,12,2,1.5,13,1,0.5,176.034,0.75824
Rb,4,2,1.5,13,1,1.5,0.0599647,0.0010256
Rb,4,2,2.5,13,1,1.5,0.179995,0.0029671
Rb,5,2,1.5,13,1,1.5,0.164549,0.0025411
Rb,5,2,2.5,13,1,1.5,0.49434,0.0073003
Rb,6,2,1.5,13,1,1.5,0.346686,0.0048884
Rb,6,2,2.5,13,1,1.5,1.0415,0.0140311
Rb,7,2,1.5,13,1,1.5,0.670065,0.0089078
Rb,7,2,2.5,13,1,1.5,2.01278,0.0255342
Rb,8,2,1.5,13,1,1.5,1.29069,0.0163186
Rb,8,2,2.5,13,1,1.5,3.87688,0.0467152
Rb,9,2,1.5,13,1,1.5,2.67656,0.0327036
Rb,9,2,2.5,13,1,1.5,8.04041,0.0935848
Rb,10,2,1.5,13,1,1.5,6.8475,0.0763553
Rb,10,2,2.5,13,1,1.5,20.579,0.21847
Rb,11,2,1.5,13,1,1.5,35.0818,1.22724
Rb,11,2,2.5,13,1,1.5,105.672,3.50616
Rb,12,2,1.5,13,1,1.5,79.3947,0.323587
Rb,12,2,2.5,13,1,1.5,238.005,0.92452
Rb,4,3,2.5,12,2,1.5,0.339168,0.0015657
Rb,5,3,2.5,12,2,1.5,0.850702,0.0021795
Rb,6,3,2.5,12,2,1.5,1.77563,0.0020828
Rb,7,3,2.5,12,2,1.5,3.58178,0.0023116
Rb,8,3,2.5,12,2,1.5,7.68392,0.0127955
Rb,9,3,2.5,12,2,1.5,20.2855,0.139435
Rb,10,3,2.5,12,2,1.5,109.942,4.00793
Rb,11,3,2.5,12,2,1.5,249.472,2.76463
Rb,4,3,2.5,12,2,2.5,0.090583,0.0004304
Rb,4,3,3.5,12,2,2.5,0.405094,0.0019253
Rb,5,3,2.5,12,2,2.5,0.227251,0.0006299
Rb,5,3,3.5,12,2,2.5,1.01628,0.0028196
Rb,6,3,2.5,12,2,2.5,0.474401,0.0006801
Rb,6,3,3.5,12,2,2.5,2.12156,0.0030486
Rb,7,3,2.5,12,2,2.5,0.95702,0.0008873
Rb,7,3,3.5,12,2,2.5,4.27988,0.0039839
Rb,8,3,2.5,12,2,2.5,2.05288,0.0039283
Rb,8,3,3.5,12,2,2.5,9.18066,0.017604
Rb,9,3,2.5,12,2,2.5,5.41684,0.0375642
Rb,9,3,3.5,12,2,2.5,24.2244,0.168098
Rb,10,3,2.5,12,2,2.5,29.2748,1.03479
Rb,10,3,3.5,12,2,2.5,130.914,4.62825
Rb,11,3,2.5,12,2,2.5,66.7451,0.710233
Rb,11,3,3.5,12,2,2.5,298.496,3.17627
Cs,6,0,0.5,6,1,0.5,4.4978,0.0061
Cs,6,0,0.5,6,1,1.5,6.3349,0.0048
Cs,6,0,0.5,7,1,0.5,0.2781,0.00045
Cs,6,0,0.5,7,1,1.5,0.57417,0.00057
Cs,6,0,0.5,8,1,0.5,0.0915939,0.0126111
Cs,6,0,0.5,8,1,1.5,0.231967,0.0154791
Cs,6,0,0.5,9,1,0.5,0.0429134,0.0088506
Cs,6,0,0.5,9,1,1.5,0.129744,0.0108899
Cs,6,0,0.5,10,1,0.5,0.0247715,0.0067375
Cs,6,0,0.5,10,1,1.5,0.0860122,0.0083247
Cs,6,0,0.5,11,1,0.5,0.0162114,0.0053711
Cs,6,0,0.5,11,1,1.5,0.0627265,0.0066606
Cs,6,0,0.5,12,1,0.5,0.0115313,0.0044183
Cs,6,0,0.5,12,1,1.5,0.0485797,0.0054952
Cs,6,0,0.5,13,1,0.5,0.0086987,0.00372
Cs,6,0,0.5,13,1,1.5,0.0391977,0.0046377
Cs,6,0,0.5,14,1,0.5,0.0068513,0.0031893
Cs,6,0,0.5,14,1,1.5,0.0325773,0.0039838
Cs,5,2,1.5,6,1,0.5,7.06349,0.135978
Cs,6,1,0.5,6,2,1.5,4.23472,0.0694282
Cs,6,1,0.5,7,2,1.5,2.05445,0.0182964
Cs,6,1,0.5,8,2,1.5,1.29698,0.015805
Cs,6,1,0.5,9,2,1.5,0.925376,0.0122116
Cs,6,1,0.5,10,2,1.5,0.708061,0.0096328
Cs,6,1,0.5,11,2,1.5,0.566811,0.0078209
Cs,6,1,0.5,12,2,1.5,0.468317,0.0065098
Cs,6,1,0.5,13,2,1.5,0.396111,0.0055292
Cs,5,2,1.5,6,1,1.5,3.18723,0.0681474
Cs,5,2,2.5,6,1,1.5,9.65855,0.184981
Cs,6,1,1.5,6,2,1.5,2.09214,0.0326767
Cs,6,1,1.5,6,2,2.5,6.12775,0.0918171
Cs,6,1,1.5,7,2,1.5,0.975829,0.0094958
Cs,6,1,1.5,7,2,2.5,2.89253,0.0256073
Cs,6,1,1.5,8,2,1.5,0.607108,0.0076906
Cs,6,1,1.5,8,2,2.5,1.80734,0.020982
Cs,6,1,1.5,9,2,1.5,0.429978,0.0058123
Cs,6,1,1.5,9,2,2.5,1.28284,0.0159405
Cs,6,1,1.5,10,2,1.5,0.327584,0.0045331
Cs,6,1,1.5,10,2,2.5,0.978622,0.0124702
Cs,6,1,1.5,11,2,1.5,0.26151,0.0036555
Cs,6,1,1.5,11,2,2.5,0.781903,0.0100758
Cs,6,1,1.5,12,2,1.5,0.21566,0.0030291
Cs,6,1,1.5,12,2,2.5,0.645202,0.0083608
Cs,6,1,1.5,13,2,1.5,0.182163,0.0025647
Cs,6,1,1.5,13,2,2.5,0.545228,0.0070863
Cs,4,3,2.5,5,2,1.5,7.12229,0.560585
Cs,5,2,1.5,5,3,2.5,3.65814,0.100608
Cs,5,2,1.5,6,3,2.5,2.38342,0.0255161
Cs,5,2,1.5,7,3,2.5,1.73406,0.0112759
Cs,5,2,1.5,8,3,2.5,1.34457,0.0118238
Cs,5,2,1.5,9,3,2.5,1.0868,0.0349374
Cs,5,2,1.5,10,3,2.5,0.904611,0.0256671
Cs,5,2,1.5,11,3,2.5,0.769636,0.0197586
Cs,5,2,1.5,12,3,2.5,0.666134,0.0157511
Cs,4,3,2.5,5,2,2.5,1.93049,0.138685
Cs,4,3,3.5,5,2,2.5,8.63462,0.620083
Cs,5,2,2.5,5,3,2.5,0.990036,0.0245114
Cs,5,2,2.5,5,3,3.5,4.42824,0.109483
Cs,5,2,2.5,6,3,2.5,0.644329,0.0060079
Cs,5,2,2.5,6,3,3.5,2.88195,0.0267654
Cs,5,2,2.5,7,3,2.5,0.468458,0.0029139
Cs,5,2,2.5,7,3,3.5,2.09531,0.0130819
Cs,5,2,2.5,8,3,2.5,0.363074,0.0120777
Cs,5,2,2.5,8,3,3.5,1.62394,0.0539467
Cs,5,2,2.5,9,3,2.5,0.293379,0.0082424
Cs,5,2,2.5,9,3,3.5,1.3122,0.0368041
Cs,5,2,2.5,10,3,2.5,0.244144,0.0059967
Cs,5,2,2.5,10,3,3.5,1.09199,0.0267686
Cs,5,2,2.5,11,3,2.5,0.207683,0.004576
Cs,5,2,2.5,11,3,3.5,0.928905,0.0204216
Cs,5,2,2.5,12,3,2.5,0.179732,0.0036186
Cs,5,2,2.5,12,3,3.5,0.803883,0.016145
Cs,6,1,0.5,7,0,0.5,4.249,0.004
Cs,6,1,1.5,7,0,0.5,6.489,0.005
Cs,7,0,0.5,7,1,0.5,10.308,0.015
Cs,7,0,0.5,7,1,1.5,14.32,0.02
Cs,7,0,0.5,8,1,0.5,0.914396,0.0267323
Cs,7,0,0.5,8,1,1.5,1.62039,0.0351985
Cs,7,0,0.5,9,1,0.5,0.348495,0.003485
Cs,7,0,0.5,9,1,1.5,0.679941,0.0095881
Cs,7,0,0.5,10,1,0.5,0.19084,0.0019084
Cs,7,0,0.5,10,1,1.5,0.396175,0.0066356
Cs,7,0,0.5,11,1,0.5,0.124678,0.0013148
Cs,7,0,0.5,11,1,1.5,0.269852,0.0048472
Cs,7,0,0.5,12,1,0.5,0.0900018,0.000959
Cs,7,0,0.5,12,1,1.5,0.200618,0.007248
Cs,7,0,0.5,13,1,0.5,0.0692106,0.0007337
Cs,7,0,0.5,13,1,1.5,0.157626,0.0059481
Cs,7,0,0.5,14,1,0.5,0.0555711,0.0005831
Cs,7,0,0.5,14,1,1.5,0.128621,0.0049873
Cs,5,2,1.5,7,1,0.5,2.28472,0.443269
Cs,6,2,1.5,7,1,0.5,17.9885,0.044033
Cs,7,1,0.5,7,2,1.5,6.55162,0.221797
Cs,7,1,0.5,8,2,1.5,3.16555,0.0601994
Cs,7,1,0.5,9,2,1.5,2.00706,0.0289771
Cs,7,1,0.5,10,2,1.5,1.43999,0.0175611
Cs,7,1,0.5,11,2,1.5,1.10806,0.0120455
Cs,7,1,0.5,12,2,1.5,0.89182,0.0089346
Cs,7,1,0.5,13,2,1.5,0.740582,0.0075927
Cs,5,2,1.5,7,1,1.5,0.914669,0.192823
Cs,5,2,2.5,7,1,1.5,2.80981,0.539937
Cs,6,2,1.5,7,1,1.5,8.07385,0.0207378
Cs,6,2,2.5,7,1,1.5,24.3535,0.05732
Cs,7,1,1.5,7,2,1.5,3.31492,0.105645
Cs,7,1,1.5,7,2,2.5,9.64182,0.293988
Cs,7,1,1.5,8,2,1.5,1.53336,0.0254642
Cs,7,1,1.5,8,2,2.5,4.5164,0.0738392
Cs,7,1,1.5,9,2,1.5,0.956358,0.0112755
Cs,7,1,1.5,9,2,2.5,2.82994,0.033589
Cs,7,1,1.5,10,2,1.5,0.680342,0.0064554
Cs,7,1,1.5,10,2,2.5,2.01799,0.0194507
Cs,7,1,1.5,11,2,1.5,0.520853,0.0052613
Cs,7,1,1.5,11,2,2.5,1.54716,0.0143561
Cs,7,1,1.5,12,2,1.5,0.41781,0.0043571
Cs,7,1,1.5,12,2,2.5,1.24226,0.0119155
Cs,7,1,1.5,13,2,1.5,0.346152,0.0036764
Cs,7,1,1.5,13,2,2.5,1.0299,0.0100694
Cs,4,3,2.5,6,2,1.5,24.6182,0.091977
Cs,5,3,2.5,6,2,1.5,3.96014,0.184839
Cs,6,2,1.5,6,3,2.5,2.89386,0.0602824
Cs,6,2,1.5,7,3,2.5,2.12002,0.0478682
Cs,6,2,1.5,8,3,2.5,1.63663,0.0375045
Cs,6,2,1.5,9,3,2.5,1.3159,0.030195
Cs,6,2,1.5,10,3,2.5,1.09034,0.0249682
Cs,6,2,1.5,11,3,2.5,0.924239,0.0211098
Cs,6,2,1.5,12,3,2.5,0.797755,0.0180302
Cs,4,3,2.5,6,2,2.5,6.59915,0.0221596
Cs,4,3,3.5,6,2,2.5,29.5111,0.099153
Cs,5,3,2.5,6,2,2.5,1.12556,0.0456505
Cs,5,3,3.5,6,2,2.5,5.03689,0.204136
Cs,6,2,2.5,6,3,2.5,0.806228,0.0158564
Cs,6,2,2.5,6,3,3.5,3.60736,0.0711505
Cs,6,2,2.5,7,3,2.5,0.586802,0.0122696
Cs,6,2,2.5,7,3,3.5,2.62545,0.0550358
Cs,6,2,2.5,8,3,2.5,0.451532,0.0095123
Cs,6,2,2.5,8,3,3.5,2.02019,0.0426534
Cs,6,2,2.5,9,3,2.5,0.362346,0.0076144
Cs,6,2,2.5,9,3,3.5,1.62114,0.0341405
Cs,6,2,2.5,10,3,2.5,0.299857,0.0062738
Cs,6,2,2.5,10,3,3.5,1.34155,0.0281292
Cs,6,2,2.5,11,3,2.5,0.253956,0.0052915
Cs,6,2,2.5,11,3,3.5,1.13618,0.0237257
Cs,6,2,2.5,12,3,2.5,0.219061,0.0045102
Cs,6,2,2.5,12,3,3.5,0.980057,0.0202226
Cs,6,1,0.5,8,0,0.5,1.02252,0.0104242
Cs,6,1,1.5,8,0,0.5,1.4554,0.0153247
Cs,7,1,0.5,8,0,0.5,9.31251,0.0229434
Cs,7,1,1.5,8,0,0.5,14.0659,0.067774
Cs,8,0,0.5,8,1,0.5,17.7771,0.059462
Cs,8,0,0.5,8,1,1.5,24.5644,0.0945
Cs,8,0,0.5,9,1,0.5,1.72446,0.0387669
Cs,8,0,0.5,9,1,1.5,2.94152,0.0506356
Cs,8,0,0.5,10,1,0.5,0.664549,0.014406
Cs,8,0,0.5,10,1,1.5,1.24099,0.0284072
Cs,8,0,0.5,11,1,0.5,0.376895,0.0080724
Cs,8,0,0.5,11,1,1.5,0.725933,0.0175982
Cs,8,0,0.5,12,1,0.5,0.24954,0.0060616
Cs,8,0,0.5,12,1,1.5,0.49558,0.0103632
Cs,8,0,0.5,13,1,0.5,0.181875,0.0047732
Cs,8,0,0.5,13,1,1.5,0.363563,0.0078331
Cs,8,0,0.5,14,1,0.5,0.140885,0.0041676
Cs,8,0,0.5,14,1,1.5,0.286,0.0063699
Cs,5,2,1.5,8,1,0.5,0.630371,0.0504091
Cs,6,2,1.5,8,1,0.5,5.01369,0.163201
Cs,7,2,1.5,8,1,0.5,31.971,0.102692
Cs,8,1,0.5,8,2,1.5,9.18574,0.395146
Cs,8,1,0.5,9,2,1.5,4.37737,0.113256
Cs,8,1,0.5,10,2,1.5,2.76448,0.056305
Cs,8,1,0.5,11,2,1.5,1.98228,0.0350676
Cs,8,1,0.5,12,2,1.5,1.52681,0.0246225
Cs,8,1,0.5,13,2,1.5,1.23095,0.0186027
Cs,5,2,1.5,8,1,1.5,0.257478,0.0263016
Cs,5,2,2.5,8,1,1.5,0.795596,0.0732244
Cs,6,2,1.5,8,1,1.5,1.97954,0.0724079
Cs,6,2,2.5,8,1,1.5,6.17353,0.20053
Cs,7,2,1.5,8,1,1.5,14.352,0.052744
Cs,7,2,2.5,8,1,1.5,43.2111,0.147741
Cs,8,1,1.5,8,2,1.5,4.71698,0.189132
Cs,8,1,1.5,8,2,2.5,13.6618,0.524823
Cs,8,1,1.5,9,2,1.5,2.14803,0.0493724
Cs,8,1,1.5,9,2,2.5,6.30191,0.141059
Cs,8,1,1.5,10,2,1.5,1.33325,0.0232191
Cs,8,1,1.5,10,2,2.5,3.93036,0.0674681
Cs,8,1,1.5,11,2,1.5,0.947322,0.0138997
Cs,8,1,1.5,11,2,2.5,2.7997,0.0408793
Cs,8,1,1.5,12,2,1.5,0.725593,0.0094714
Cs,8,1,1.5,12,2,2.5,2.14772,0.0281183
Cs,8,1,1.5,13,2,1.5,0.582823,0.0069902
Cs,8,1,1.5,13,2,2.5,1.72691,0.0209097
Cs,4,3,2.5,7,2,1.5,13.0282,0.306136
Cs,5,3,2.5,7,2,1.5,43.4102,0.219285
Cs,6,3,2.5,7,2,1.5,1.81742,0.329248
Cs,7,2,1.5,7,3,2.5,2.20838,0.197893
Cs,7,2,1.5,8,3,2.5,1.81732,0.131819
Cs,7,2,1.5,9,3,2.5,1.48188,0.0961353
Cs,7,2,1.5,10,3,2.5,1.2311,0.0744899
Cs,7,2,1.5,11,3,2.5,1.04292,0.060187
Cs,7,2,1.5,12,3,2.5,0.898974,0.0498168
Cs,4,3,2.5,7,2,2.5,3.42056,0.0767947
Cs,4,3,3.5,7,2,2.5,15.2945,0.343711
Cs,5,3,2.5,7,2,2.5,11.6611,0.055041
Cs,5,3,3.5,7,2,2.5,52.1501,0.246013
Cs,6,3,2.5,7,2,2.5,0.58458,0.0864687
Cs,6,3,3.5,7,2,2.5,2.61983,0.387489
Cs,7,2,2.5,7,3,2.5,0.640641,0.0507249
Cs,7,2,2.5,7,3,3.5,2.86801,0.227272
Cs,7,2,2.5,8,3,2.5,0.517463,0.0334762
Cs,7,2,2.5,8,3,3.5,2.31615,0.149964
Cs,7,2,2.5,9,3,2.5,0.418568,0.0242912
Cs,7,2,2.5,9,3,3.5,1.87334,0.108815
Cs,7,2,2.5,10,3,2.5,0.346178,0.0187624
Cs,7,2,2.5,10,3,3.5,1.54929,0.0840498
Cs,7,2,2.5,11,3,2.5,0.292434,0.0151273
Cs,7,2,2.5,11,3,3.5,1.30872,0.0677685
Cs,7,2,2.5,12,3,2.5,0.251579,0.0124973
Cs,7,2,2.5,12,3,3.5,1.12586,0.055988
Cs,6,1,0.5,9,0,0.5,0.544821,0.0056699
Cs,6,1,1.5,9,0,0.5,0.765581,0.008801
Cs,7,1,0.5,9,0,0.5,1.95907,0.0179181
Cs,7,1,1.5,9,0,0.5,2.72733,0.0277719
Cs,8,1,0.5,9,0,0.5,16.0582,0.036592
Cs,8,1,1.5,9,0,0.5,24.1256,0.05011
Cs,9,0,0.5,9,1,0.5,27.1015,0.080549
Cs,9,0,0.5,9,1,1.5,37.3314,0.132119
Cs,9,0,0.5,10,1,0.5,2.73522,0.0537029
Cs,9,0,0.5,10,1,1.5,4.57863,0.0698098
Cs,9,0,0.5,11,1,0.5,1.0684,0.0197155
Cs,9,0,0.5,11,1,1.5,1.91347,0.0273541
Cs,9,0,0.5,12,1,0.5,0.59976,0.0104352
Cs,9,0,0.5,12,1,1.5,1.1285,0.0212112
Cs,9,0,0.5,13,1,0.5,0.403235,0.0100035
Cs,9,0,0.5,13,1,1.5,0.761231,0.0097674
Cs,9,0,0.5,14,1,0.5,0.294538,0.0079379
Cs,9,0,0.5,14,1,1.5,0.566179,0.0070316
Cs,5,2,1.5,9,1,0.5,0.33816,0.0207689
Cs,6,2,1.5,9,1,0.5,1.56062,0.0229552
Cs,7,2,1.5,9,1,0.5,9.02415,0.190002
Cs,8,2,1.5,9,1,0.5,49.2877,0.132033
Cs,9,1,0.5,9,2,1.5,12.1901,0.598386
Cs,9,1,0.5,10,2,1.5,5.72597,0.176485
Cs,9,1,0.5,11,2,1.5,3.59323,0.0888798
Cs,9,1,0.5,12,2,1.5,2.56885,0.0558262
Cs,9,1,0.5,13,2,1.5,1.97621,0.0394522
Cs,5,2,1.5,9,1,1.5,0.137968,0.0115063
Cs,5,2,2.5,9,1,1.5,0.426726,0.0320451
Cs,6,2,1.5,9,1,1.5,0.633091,0.0095122
Cs,6,2,2.5,9,1,1.5,1.96591,0.0274149
Cs,7,2,1.5,9,1,1.5,3.56441,0.0860789
Cs,7,2,2.5,9,1,1.5,11.1215,0.248134
Cs,8,2,1.5,9,1,1.5,22.1355,0.072458
Cs,8,2,2.5,9,1,1.5,66.5749,0.198454
Cs,9,1,1.5,9,2,1.5,6.32554,0.287353
Cs,9,1,1.5,9,2,2.5,18.2658,0.79611
Cs,9,1,1.5,10,2,1.5,2.8366,0.0780035
Cs,9,1,1.5,10,2,2.5,8.29841,0.221488
Cs,9,1,1.5,11,2,1.5,1.74856,0.0375466
Cs,9,1,1.5,11,2,2.5,5.14061,0.108061
Cs,9,1,1.5,12,2,1.5,1.23821,0.0228711
Cs,9,1,1.5,12,2,2.5,3.64976,0.0664417
Cs,9,1,1.5,13,2,1.5,0.946948,0.0158036
Cs,9,1,1.5,13,2,2.5,2.79575,0.0462341
Cs,4,3,2.5,8,2,1.5,2.48741,0.0295675
Cs,5,3,2.5,8,2,1.5,26.0508,0.629458
Cs,6,3,2.5,8,2,1.5,65.2211,0.512172
Cs,7,3,2.5,8,2,1.5,0.325858,0.255201
Cs,8,2,1.5,8,3,2.5,1.47199,0.319694
Cs,8,2,1.5,9,3,2.5,1.46176,0.20968
Cs,8,2,1.5,10,3,2.5,1.28036,0.151937
Cs,8,2,1.5,11,3,2.5,1.10594,0.117367
Cs,8,2,1.5,12,3,2.5,0.961342,0.0941597
Cs,4,3,2.5,8,2,2.5,0.665968,0.0070243
Cs,4,3,3.5,8,2,2.5,2.97808,0.0313952
Cs,5,3,2.5,8,2,2.5,6.84455,0.158313
Cs,5,3,3.5,8,2,2.5,30.603,0.708783
Cs,6,3,2.5,8,2,2.5,17.5395,0.127425
Cs,6,3,3.5,8,2,2.5,78.4412,0.569881
Cs,7,3,2.5,8,2,2.5,0.0449624,0.146988
Cs,7,3,3.5,8,2,2.5,0.209059,0.658625
Cs,8,2,2.5,8,3,2.5,0.462015,0.0817721
Cs,8,2,2.5,8,3,3.5,2.07052,0.366292
Cs,8,2,2.5,9,3,2.5,0.434323,0.0532435
Cs,8,2,2.5,9,3,3.5,1.94518,0.238485
Cs,8,2,2.5,10,3,2.5,0.373332,0.0384231
Cs,8,2,2.5,10,3,3.5,1.67165,0.172102
Cs,8,2,2.5,11,3,2.5,0.319404,0.0296029
Cs,8,2,2.5,11,3,3.5,1.43001,0.1326
Cs,8,2,2.5,12,3,2.5,0.276034,0.0236983
Cs,8,2,2.5,12,3,3.5,1.23575,0.106153
Cs,6,1,0.5,10,0,0.5,0.361339,0.0037618
Cs,6,1,1.5,10,0,0.5,0.505219,0.0059638
Cs,7,1,0.5,10,0,0.5,0.999146,0.0094502
Cs,7,1,1.5,10,0,0.5,1.37075,0.0151098
Cs,8,1,0.5,10,0,0.5,3.15245,0.0281277
Cs,8,1,1.5,10,0,0.5,4.33663,0.0434936
Cs,9,1,0.5,10,0,0.5,24.5003,0.053033
Cs,9,1,1.5,10,0,0.5,36.6918,0.080277
Cs,10,0,0.5,10,1,0.5,38.3133,0.103444
Cs,10,0,0.5,10,1,1.5,52.6648,0.174212
Cs,10,0,0.5,11,1,0.5,3.95148,0.0714401
Cs,10,0,0.5,11,1,1.5,6.53883,0.0925615
Cs,10,0,0.5,12,1,0.5,1.55291,0.0259614
Cs,10,0,0.5,12,1,1.5,2.73195,0.0358891
Cs,10,0,0.5,13,1,0.5,0.87366,0.013605
Cs,10,0,0.5,13,1,1.5,1.60521,0.0275608
Cs,10,0,0.5,14,1,0.5,0.580359,0.0121429
Cs,10,0,0.5,14,1,1.5,1.0824,0.012589
Cs,5,2,1.5,10,1,0.5,0.223649,0.0123141
Cs,6,2,1.5,10,1,0.5,0.849532,0.0158014
Cs,7,2,1.5,10,1,0.5,2.85987,0.078428
Cs,8,2,1.5,10,1,0.5,14.2043,0.421506
Cs,9,2,1.5,10,1,0.5,69.9907,0.141481
Cs,10,1,0.5,10,2,1.5,15.5763,0.83414
Cs,10,1,0.5,11,2,1.5,7.22105,0.250143
Cs,10,1,0.5,12,2,1.5,4.50044,0.126772
Cs,10,1,0.5,13,2,1.5,3.2049,0.0798784
Cs,5,2,1.5,10,1,1.5,0.0910696,0.0070066
Cs,5,2,2.5,10,1,1.5,0.281785,0.0195347
Cs,6,2,1.5,10,1,1.5,0.346276,0.0067377
Cs,6,2,2.5,10,1,1.5,1.0742,0.0190362
Cs,7,2,1.5,10,1,1.5,1.16497,0.0363433
Cs,7,2,2.5,10,1,1.5,3.60934,0.101816
Cs,8,2,1.5,10,1,1.5,5.61963,0.192755
Cs,8,2,2.5,10,1,1.5,17.5206,0.547576
Cs,9,2,1.5,10,1,1.5,31.4459,0.084114
Cs,9,2,2.5,10,1,1.5,94.5104,0.225833
Cs,10,1,1.5,10,2,1.5,8.14671,0.401474
Cs,10,1,1.5,10,2,2.5,23.4714,1.11114
Cs,10,1,1.5,11,2,1.5,3.60362,0.111456
Cs,10,1,1.5,11,2,2.5,10.5194,0.315435
Cs,10,1,1.5,12,2,1.5,2.20548,0.0542805
Cs,10,1,1.5,12,2,2.5,6.4703,0.155449
Cs,10,1,1.5,13,2,1.5,1.55528,0.0333175
Cs,10,1,1.5,13,2,2.5,4.57502,0.0961803
Cs,4,3,2.5,9,2,1.5,1.19641,0.0145985
Cs,5,3,2.5,9,2,1.5,4.9775,0.0574293
Cs,6,3,2.5,9,2,1.5,42.0028,1.01986
Cs,7,3,2.5,9,2,1.5,90.5079,0.860949
Cs,8,3,2.5,9,2,1.5,2.6895,0.795227
Cs,9,2,1.5,9,3,2.5,0.638431,0.442131
Cs,9,2,1.5,10,3,2.5,1.04266,0.288559
Cs,9,2,1.5,11,3,2.5,1.03137,0.208695
Cs,9,2,1.5,12,3,2.5,0.944026,0.160225
Cs,4,3,2.5,9,2,2.5,0.321322,0.0035022
Cs,4,3,3.5,9,2,2.5,1.43691,0.0156542
Cs,5,3,2.5,9,2,2.5,1.3342,0.0136595
Cs,5,3,3.5,9,2,2.5,5.96646,0.0610476
Cs,6,3,2.5,9,2,2.5,11.0411,0.25683
Cs,6,3,3.5,9,2,2.5,49.3655,1.15002
Cs,7,3,2.5,9,2,2.5,24.3566,0.213704
Cs,7,3,3.5,9,2,2.5,108.931,0.95603
Cs,8,3,2.5,9,2,2.5,0.550407,0.206542
Cs,8,3,3.5,9,2,2.5,2.45066,0.925389
Cs,9,2,2.5,9,3,2.5,0.258797,0.113082
Cs,9,2,2.5,9,3,3.5,1.16314,0.506541
Cs,9,2,2.5,10,3,2.5,0.334983,0.0733229
Cs,9,2,2.5,10,3,3.5,1.50183,0.328427
Cs,9,2,2.5,11,3,2.5,0.315928,0.0528329
Cs,9,2,2.5,11,3,3.5,1.41558,0.236651
Cs,9,2,2.5,12,3,2.5,0.283187,0.0404517
Cs,9,2,2.5,12,3,3.5,1.26855,0.181194
Cs,6,1,0.5,11,0,0.5,0.265594,0.0027982
Cs,6,1,1.5,11,0,0.5,0.370403,0.0044363
Cs,7,1,0.5,11,0,0.5,0.650417,0.0062423
Cs,7,1,1.5,11,0,0.5,0.887311,0.009972
Cs,8,1,0.5,11,0,0.5,1.56252,0.0142621
Cs,8,1,1.5,11,0,0.5,2.11486,0.0230972
Cs,9,1,0.5,11,0,0.5,4.60531,0.0407668
Cs,9,1,1.5,11,0,0.5,6.2882,0.0623161
Cs,10,1,0.5,11,0,0.5,34.6441,0.072445
Cs,10,1,1.5,11,0,0.5,51.7734,0.11932
Cs,11,0,0.5,11,1,0.5,51.4211,0.128362
Cs,11,0,0.5,11,1,1.5,70.5766,0.221116
Cs,11,0,0.5,12,1,0.5,5.37412,0.0918909
Cs,11,0,0.5,12,1,1.5,8.82369,0.11877
Cs,11,0,0.5,13,1,0.5,2.11824,0.0331066
Cs,11,0,0.5,13,1,1.5,3.68164,0.045642
Cs,11,0,0.5,14,1,0.5,1.19218,0.0172077
Cs,11,0,0.5,14,1,1.5,2.15593,0.0347619
Cs,5,2,1.5,11,1,0.5,0.163956,0.0085494
Cs,6,2,1.5,11,1,0.5,0.56431,0.0112538
Cs,7,2,1.5,11,1,0.5,1.55362,0.0432675
Cs,8,2,1.5,11,1,0.5,4.51098,0.13446
Cs,9,2,1.5,11,1,0.5,20.5417,0.681969
Cs,10,2,1.5,11,1,0.5,94.0953,0.167014
Cs,11,1,0.5,11,2,1.5,19.3487,1.10345
Cs,11,1,0.5,12,2,1.5,8.86658,0.334316
Cs,11,1,0.5,13,2,1.5,5.48927,0.169975
Cs,5,2,1.5,11,1,1.5,0.0666602,0.0049327
Cs,5,2,2.5,11,1,1.5,0.206303,0.0137659
Cs,6,2,1.5,11,1,1.5,0.230311,0.0048589
Cs,6,2,2.5,11,1,1.5,0.714233,0.0136304
Cs,7,2,1.5,11,1,1.5,0.637306,0.0203282
Cs,7,2,2.5,11,1,1.5,1.97099,0.0565431
Cs,8,2,1.5,11,1,1.5,1.84435,0.063632
Cs,8,2,2.5,11,1,1.5,5.70329,0.177173
Cs,9,2,1.5,11,1,1.5,8.13981,0.311177
Cs,9,2,2.5,11,1,1.5,25.3574,0.879641
Cs,10,2,1.5,11,1,1.5,42.2895,0.089789
Cs,10,2,2.5,11,1,1.5,127.037,0.23561
Cs,11,1,1.5,11,2,1.5,10.1828,0.53197
Cs,11,1,1.5,11,2,2.5,29.2855,1.47141
Cs,11,1,1.5,12,2,1.5,4.45093,0.149765
Cs,11,1,1.5,12,2,2.5,12.9703,0.423032
Cs,11,1,1.5,13,2,1.5,2.70543,0.0734154
Cs,11,1,1.5,13,2,2.5,7.92367,0.209625
Cs,4,3,2.5,10,2,1.5,0.751189,0.0095226
Cs,5,3,2.5,10,2,1.5,2.3864,0.0301504
Cs,6,3,2.5,10,2,1.5,7.96837,0.0910738
Cs,7,3,2.5,10,2,1.5,61.0351,1.47963
Cs,8,3,2.5,10,2,1.5,119.386,1.26631
Cs,9,3,2.5,10,2,1.5,5.34743,1.03734
Cs,10,2,1.5,10,3,2.5,0.31115,0.0827817
Cs,10,2,1.5,11,3,2.5,0.555191,0.371544
Cs,10,2,1.5,12,3,2.5,0.736261,0.266887
Cs,4,3,2.5,10,2,2.5,0.201864,0.00305
Cs,4,3,3.5,10,2,2.5,0.902713,0.0136253
Cs,5,3,2.5,10,2,2.5,0.641771,0.0069288
Cs,5,3,3.5,10,2,2.5,2.87005,0.0309705
Cs,6,3,2.5,10,2,2.5,2.13797,0.0216822
Cs,6,3,3.5,10,2,2.5,9.56116,0.0968992
Cs,7,3,2.5,10,2,2.5,16.0498,0.372919
Cs,7,3,3.5,10,2,2.5,71.7591,1.6701
Cs,8,3,2.5,10,2,2.5,32.1431,0.314036
Cs,8,3,3.5,10,2,2.5,143.758,1.40502
Cs,9,3,2.5,10,2,2.5,1.22086,0.269285
Cs,9,3,3.5,10,2,2.5,5.44596,1.20654
Cs,10,2,2.5,10,3,2.5,0.0262177,0.146144
Cs,10,2,2.5,10,3,3.5,0.124571,0.654667
Cs,10,2,2.5,11,3,2.5,0.21832,0.0944859
Cs,10,2,2.5,11,3,3.5,0.981074,0.423242
Cs,10,2,2.5,12,3,2.5,0.246834,0.0676121
Cs,10,2,2.5,12,3,3.5,1.10728,0.302858
Cs,6,1,0.5,12,0,0.5,0.207276,0.0022027
Cs,6,1,1.5,12,0,0.5,0.288638,0.0034925
Cs,7,1,0.5,12,0,0.5,0.474124,0.0045778
Cs,7,1,1.5,12,0,0.5,0.644969,0.0073138
Cs,8,1,0.5,12,0,0.5,1.00235,0.0092909
Cs,8,1,1.5,12,0,0.5,1.34817,0.0150225
Cs,9,1,0.5,12,0,0.5,2.23573,0.0198641
Cs,9,1,1.5,12,0,0.5,2.99984,0.0325687
Cs,10,1,0.5,12,0,0.5,6.31724,0.055788
Cs,10,1,1.5,12,0,0.5,8.5819,0.0842533
Cs,11,1,0.5,12,0,0.5,46.4921,0.094856
Cs,11,1,1.5,12,0,0.5,69.3742,0.167019
Cs,12,0,0.5,12,1,0.5,66.4283,0.155254
Cs,12,0,0.5,12,1,1.5,91.0708,0.273368
Cs,12,0,0.5,13,1,0.5,7.00314,0.115047
Cs,12,0,0.5,13,1,1.5,11.4328,0.148432
Cs,12,0,0.5,14,1,0.5,2.76418,0.0411536
Cs,12,0,0.5,14,1,1.5,4.76265,0.0566075
Cs,5,2,1.5,12,1,0.5,0.127758,0.0064606
Cs,6,2,1.5,12,1,0.5,0.414813,0.008533
Cs,7,2,1.5,12,1,0.5,1.02925,0.0287043
Cs,8,2,1.5,12,1,0.5,2.43926,0.0704455
Cs,9,2,1.5,12,1,0.5,6.51022,0.195555
Cs,10,2,1.5,12,1,0.5,28.0348,0.975853
Cs,11,2,1.5,12,1,0.5,121.607,0.21467
Cs,12,1,0.5,12,2,1.5,23.5093,1.40671
Cs,12,1,0.5,13,2,1.5,10.6646,0.429022
Cs,5,2,1.5,12,1,1.5,0.0518832,0.0037565
Cs,5,2,2.5,12,1,1.5,0.160592,0.0104911
Cs,6,2,1.5,12,1,1.5,0.169356,0.0037135
Cs,6,2,2.5,12,1,1.5,0.525142,0.0103783
Cs,7,2,1.5,12,1,1.5,0.423267,0.0135952
Cs,7,2,2.5,12,1,1.5,1.30813,0.0376873
Cs,8,2,1.5,12,1,1.5,1.00547,0.0339222
Cs,8,2,2.5,12,1,1.5,3.10244,0.0938697
Cs,9,2,1.5,12,1,1.5,2.66951,0.0936409
Cs,9,2,2.5,12,1,1.5,8.24305,0.25983
Cs,10,2,1.5,12,1,1.5,11.124,0.445464
Cs,10,2,2.5,12,1,1.5,34.6297,1.25604
Cs,11,2,1.5,12,1,1.5,54.6685,0.092435
Cs,11,2,2.5,12,1,1.5,164.16,0.25975
Cs,12,1,1.5,12,2,1.5,12.4353,0.679469
Cs,12,1,1.5,12,2,2.5,35.7127,1.87888
Cs,12,1,1.5,13,2,1.5,5.37959,0.193063
Cs,12,1,1.5,13,2,2.5,15.6545,0.544698
Cs,4,3,2.5,11,2,1.5,0.53499,0.00716
Cs,5,3,2.5,11,2,1.5,1.49428,0.0214013
Cs,6,3,2.5,11,2,1.5,3.79949,0.0533277
Cs,7,3,2.5,11,2,1.5,11.4711,0.131065
Cs,8,3,2.5,11,2,1.5,83.193,2.01026
Cs,9,3,2.5,11,2,1.5,151.897,1.72943
Cs,10,3,2.5,11,2,1.5,8.3312,1.29709
Cs,11,2,1.5,11,3,2.5,1.38585,0.709278
Cs,11,2,1.5,12,3,2.5,0.0006341,0.456396
Cs,4,3,2.5,11,2,2.5,0.143926,0.0016329
Cs,4,3,3.5,11,2,2.5,0.643622,0.0072958
Cs,5,3,2.5,11,2,2.5,0.40233,0.0048995
Cs,5,3,3.5,11,2,2.5,1.79927,0.0218873
Cs,6,3,2.5,11,2,2.5,1.02295,0.0121326
Cs,6,3,3.5,11,2,2.5,4.57489,0.0541927
Cs,7,3,2.5,11,2,2.5,3.0803,0.0312257
Cs,7,3,3.5,11,2,2.5,13.7756,0.139546
Cs,8,3,2.5,11,2,2.5,21.8826,0.50701
Cs,8,3,3.5,11,2,2.5,97.8368,2.27054
Cs,9,3,2.5,11,2,2.5,40.9104,0.428753
Cs,9,3,3.5,11,2,2.5,182.971,1.9185
Cs,10,3,2.5,11,2,2.5,1.97471,0.336765
Cs,10,3,3.5,11,2,2.5,8.81397,1.50897
Cs,11,2,2.5,11,3,2.5,0.238056,0.181606
Cs,11,2,2.5,11,3,3.5,1.05562,0.813575
Cs,11,2,2.5,12,3,2.5,0.0844259,0.116454
Cs,11,2,2.5,12,3,3.5,0.383346,0.521665
Cs,6,1,0.5,13,0,0.5,0.168273,0.0018008
Cs,6,1,1.5,13,0,0.5,0.234098,0.0028554
Cs,7,1,0.5,13,0,0.5,0.368786,0.0035754
Cs,7,1,1.5,13,0,0.5,0.500835,0.0057137
Cs,8,1,0.5,13,0,0.5,0.724879,0.0067556
Cs,8,1,1.5,13,0,0.5,0.971871,0.0109201
Cs,9,1,0.5,13,0,0.5,1.41715,0.0128056
Cs,9,1,1.5,13,0,0.5,1.8885,0.0209552
Cs,10,1,0.5,13,0,0.5,3.01823,0.0262741
Cs,10,1,1.5,13,0,0.5,4.02524,0.0435153
Cs,11,1,0.5,13,0,0.5,8.28779,0.0731753
Cs,11,1,1.5,13,0,0.5,11.2172,0.109339
Cs,12,1,0.5,13,0,0.5,60.0453,0.120298
Cs,12,1,1.5,13,0,0.5,89.4969,0.22435
Cs,13,0,0.5,13,1,0.5,83.3364,0.184199
Cs,13,0,0.5,13,1,1.5,114.15,0.3298
Cs,13,0,0.5,14,1,0.5,8.83841,0.140902
Cs,13,0,0.5,14,1,1.5,14.3669,0.18151
Cs,5,2,1.5,13,1,0.5,0.103647,0.0051431
Cs,6,2,1.5,13,1,0.5,0.324042,0.0067784
Cs,7,2,1.5,13,1,0.5,0.755286,0.0210552
Cs,8,2,1.5,13,1,0.5,1.60954,0.0456758
Cs,9,2,1.5,13,1,0.5,3.50286,0.0994731
Cs,10,2,1.5,13,1,0.5,8.85605,0.263116
Cs,11,2,1.5,13,1,0.5,36.6837,1.30661
Cs,12,2,1.5,13,1,0.5,152.528,0.26889
Cs,13,1,0.5,13,2,1.5,28.0595,1.74418
Cs,5,2,1.5,13,1,1.5,0.0420583,0.0030065
Cs,5,2,2.5,13,1,1.5,0.130194,0.0084015
Cs,6,2,1.5,13,1,1.5,0.132309,0.0029614
Cs,6,2,2.5,13,1,1.5,0.410252,0.0082565
Cs,7,2,1.5,13,1,1.5,0.310957,0.0100146
Cs,7,2,2.5,13,1,1.5,0.960724,0.0277052
Cs,8,2,1.5,13,1,1.5,0.665608,0.0221788
Cs,8,2,2.5,13,1,1.5,2.05193,0.0611856
Cs,9,2,1.5,13,1,1.5,1.44925,0.0485518
Cs,9,2,2.5,13,1,1.5,4.46419,0.133895
Cs,10,2,1.5,13,1,1.5,3.63995,0.126937
Cs,10,2,2.5,13,1,1.5,11.2271,0.35138
Cs,11,2,1.5,13,1,1.5,14.573,0.596521
Cs,11,2,2.5,13,1,1.5,45.3395,1.67947
Cs,12,2,1.5,13,1,1.5,68.5838,0.115316
Cs,12,2,2.5,13,1,1.5,205.884,0.32412
Cs,13,1,1.5,13,2,1.5,14.904,0.843136
Cs,13,1,1.5,13,2,2.5,42.7521,2.33109
Cs,4,3,2.5,12,2,1.5,0.409704,0.0056507
Cs,5,3,2.5,12,2,1.5,1.06231,0.0160743
Cs,6,3,2.5,12,2,1.5,2.36976,0.037653
Cs,7,3,2.5,12,2,1.5,5.43666,0.0833697
Cs,8,3,2.5,12,2,1.5,15.4855,0.177608
Cs,9,3,2.5,12,2,1.5,108.495,2.61237
Cs,10,3,2.5,12,2,1.5,188.059,2.25093
Cs,11,3,2.5,12,2,1.5,11.6566,1.57719
Cs,12,2,1.5,12,3,2.5,2.58635,0.853321
Cs,4,3,2.5,12,2,2.5,0.110256,0.0012935
Cs,4,3,3.5,12,2,2.5,0.493054,0.0057797
Cs,5,3,2.5,12,2,2.5,0.286187,0.0037042
Cs,5,3,3.5,12,2,2.5,1.27987,0.0165496
Cs,6,3,2.5,12,2,2.5,0.638813,0.008691
Cs,6,3,3.5,12,2,2.5,2.85697,0.0388318
Cs,7,3,2.5,12,2,2.5,1.46516,0.0191072
Cs,7,3,3.5,12,2,2.5,6.55276,0.0853655
Cs,8,3,2.5,12,2,2.5,4.1612,0.0423378
Cs,8,3,3.5,12,2,2.5,18.61,0.1892
Cs,9,3,2.5,12,2,2.5,28.5443,0.659304
Cs,9,3,3.5,12,2,2.5,127.621,2.95268
Cs,10,3,2.5,12,2,2.5,50.6631,0.558057
Cs,10,3,3.5,12,2,2.5,226.592,2.49731
Cs,11,3,2.5,12,2,2.5,2.81611,0.409689
Cs,11,3,3.5,12,2,2.5,12.5733,1.83585
Cs,12,2,2.5,12,3,2.5,0.53411,0.218591
Cs,12,2,2.5,12,3,3.5,2.3778,0.979305
Cs,6,1,0.5,14,0,0.5,0.140497,0.0015125
Cs,6,1,1.5,14,0,0.5,0.195329,0.0023983
Cs,7,1,0.5,14,0,0.5,0.299162,0.0029107
Cs,7,1,1.5,14,0,0.5,0.405844,0.0046523
Cs,8,1,0.5,14,0,0.5,0.561422,0.0052483
Cs,8,1,1.5,14,0,0.5,0.751308,0.0084839
Cs,9,1,0.5,14,0,0.5,1.01744,0.0092454
Cs,9,1,1.5,14,0,0.5,1.35109,0.0151221
Cs,10,1,0.5,14,0,0.5,1.89422,0.016793
Cs,10,1,1.5,14,0,0.5,2.50774,0.027754
Cs,11,1,0.5,14,0,0.5,3.90954,0.0337382
Cs,11,1,1.5,14,0,0.5,5.19058,0.0559473
Cs,12,1,0.5,14,0,0.5,10.5167,0.092923
Cs,12,1,1.5,14,0,0.5,14.1937,0.13779
Cs,13,1,0.5,14,0,0.5,75.3045,0.152774
Cs,13,1,1.5,14,0,0.5,112.141,0.28919
Cs,14,0,0.5,14,1,0.5,102.146,0.21519
Cs,14,0,0.5,14,1,1.5,139.814,0.39282
Cs,5,2,1.5,14,1,0.5,0.0865312,0.0042405
Cs,6,2,1.5,14,1,0.5,0.263563,0.0055697
Cs,7,2,1.5,14,1,0.5,0.589557,0.0164249
Cs,8,2,1.5,14,1,0.5,1.1778,0.0330821
Cs,9,2,1.5,14,1,0.5,2.3018,0.0635189
Cs,10,2,1.5,14,1,0.5,4.74264,0.131008
Cs,11,2,1.5,14,1,0.5,11.5477,0.337676
Cs,12,2,1.5,14,1,0.5,46.489,1.6757
Cs,13,2,1.5,14,1,0.5,186.859,0.3297
Cs,5,2,1.5,14,1,1.5,0.0350908,0.002486
Cs,5,2,2.5,14,1,1.5,0.108633,0.0069497
Cs,6,2,1.5,14,1,1.5,0.107611,0.0024442
Cs,6,2,2.5,14,1,1.5,0.333667,0.0068041
Cs,7,2,1.5,14,1,1.5,0.242858,0.0078427
Cs,7,2,2.5,14,1,1.5,0.7502,0.0216695
Cs,8,2,1.5,14,1,1.5,0.487811,0.0161589
Cs,8,2,2.5,14,1,1.5,1.50315,0.0445003
Cs,9,2,1.5,14,1,1.5,0.955813,0.0313316
Cs,9,2,2.5,14,1,1.5,2.94121,0.0861485
Cs,10,2,1.5,14,1,1.5,1.9678,0.0646255
Cs,10,2,2.5,14,1,1.5,6.05375,0.177788
Cs,11,2,1.5,14,1,1.5,4.75515,0.163999
Cs,11,2,2.5,14,1,1.5,14.6539,0.453249
Cs,12,2,1.5,14,1,1.5,18.4859,0.766099
Cs,12,2,2.5,14,1,1.5,57.4841,2.15529
Cs,13,2,1.5,14,1,1.5,84.0361,0.140954
Cs,13,2,2.5,14,1,1.5,252.21,0.39623
Cs,4,3,2.5,13,2,1.5,0.328806,0.0046224
Cs,5,3,2.5,13,2,1.5,0.812758,0.0126719
Cs,6,3,2.5,13,2,1.5,1.68011,0.0281811
Cs,7,3,2.5,13,2,1.5,3.37641,0.0584981
Cs,8,3,2.5,13,2,1.5,7.29557,0.120464
Cs,9,3,2.5,13,2,1.5,20.0103,0.230801
Cs,10,3,2.5,13,2,1.5,136.949,3.28605
Cs,11,3,2.5,13,2,1.5,227.882,2.83135
Cs,12,3,2.5,13,2,1.5,15.3233,1.86938
Cs,4,3,2.5,13,2,2.5,0.0885042,0.0010606
Cs,4,3,3.5,13,2,2.5,0.39578,0.004739
Cs,5,3,2.5,13,2,2.5,0.219028,0.0029304
Cs,5,3,3.5,13,2,2.5,0.979528,0.0130935
Cs,6,3,2.5,13,2,2.5,0.453172,0.0065447
Cs,6,3,3.5,13,2,2.5,2.02674,0.0292456
Cs,7,3,2.5,13,2,2.5,0.911116,0.0135876
Cs,7,3,3.5,13,2,2.5,4.07492,0.0607235
Cs,8,3,2.5,13,2,2.5,1.96779,0.0277665
Cs,8,3,3.5,13,2,2.5,8.80091,0.124068
Cs,9,3,2.5,13,2,2.5,5.38032,0.0550418
Cs,9,3,3.5,13,2,2.5,24.0625,0.245969
Cs,10,3,2.5,13,2,2.5,36.0372,0.829831
Cs,10,3,3.5,13,2,2.5,161.122,3.71654
Cs,11,3,2.5,13,2,2.5,61.4038,0.702083
Cs,11,3,3.5,13,2,2.5,274.632,3.14213
Cs,12,3,2.5,13,2,2.5,3.74487,0.48574
Cs,12,3,3.5,13,2,2.5,16.723,2.17674
